compound,Name,Formula,CAS,MolWeight,C1,C2,C3,C4,Tmin,Dmin,Tmax,Dmax
1,Acetaldehyde,C2H4O,75-07-0,44.05256,1.711365,0.26355,466.0,0.28571,149.78,21.423,466.0,6.4935
2,Acetamide,C2H5NO,60-35-5,59.0672,1.016,0.21845,761.0,0.26116,353.33,16.936,761.0,4.6509
3,Acetic acid,C2H4O2,64-19-7,60.052,1.4486,0.25892,591.95,0.2529,289.81,17.492,591.95,5.5948
4,Acetic anhydride,C4H6O3,108-24-7,102.08864,0.79388,0.24119,606.0,0.29817,200.15,11.626,606.0,3.2915
5,Acetone,C3H6O,67-64-1,58.07914,1.2332,0.25886,508.2,0.2913,178.45,15.683,508.2,4.764
6,Acetonitrile,C2H3N,75-05-8,41.0519,1.0693,0.20656,545.5,0.24699,229.32,20.544,545.5,5.1767
7,Acetylene,C2H2,74-86-2,26.03728,2.4507,0.27448,308.3,0.28752,192.4,23.692,308.3,8.9285
8,Acrolein,C3H4O,107-02-8,56.06326,1.3261,0.26124,506.0,0.2489,185.45,16.822,506.0,5.0762
9,Acrylic acid,C3H4O2,79-10-7,72.06266,1.2414,0.25822,615.0,0.30701,286.15,14.693,615.0,4.8075
10,Acrylonitrile,C3H3N,107-13-1,53.0626,1.0379,0.22465,540.0,0.28921,189.63,17.254,540.0,4.6201
11,Air,Mixture,132259-10-0,28.96,2.8963,0.26733,132.45,0.27341,59.15,33.279,132.45,10.834
12,Ammonia,H3N,7664-41-7,17.03052,3.5383,0.25443,405.65,0.2888,195.41,43.141,405.65,13.907
13,Anisole,C7H8O,100-66-3,108.13782,0.77488,0.26114,645.6,0.28234,235.65,9.6675,645.6,2.9673
14,Argon,Ar,7440-37-1,39.948,3.8469,0.2881,150.86,0.29783,83.78,35.491,150.86,13.353
15,Benzamide,C7H7NO,55-21-0,121.13658,0.7371,0.25487,824.0,0.28571,403.0,8.9381,824.0,2.8921
16,Benzene,C6H6,71-43-2,78.11184,1.0259,0.26666,562.05,0.28394,278.68,11.422,562.05,3.8472
17,Benzenethiol,C6H6S,108-98-5,110.17684,0.83573,0.26326,689.0,0.30798,258.27,10.074,689.0,3.1745
18,Benzoic acid,C7H6O2,65-85-0,122.12134,0.71587,0.24812,751.0,0.2857,395.45,8.8935,751.0,2.8852
19,Benzonitrile,C7H5N,100-47-0,103.1213,0.72184,0.24606,702.3,0.28789,260.28,10.008,702.3,2.9336
20,Benzophenone,C13H10O,119-61-9,182.2179,0.43743,0.24833,830.0,0.27555,321.35,5.9496,830.0,1.7615
21,Benzyl alcohol,C7H8O,100-51-6,108.13782,0.59867,0.22849,720.15,0.23567,257.85,9.9051,720.15,2.6201
22,Benzyl ethyl ether,C9H12O,539-30-0,136.19098,0.60917,0.26925,662.0,0.2632,275.65,7.0651,662.0,2.2625
23,Benzyl mercaptan,C7H8S,100-53-8,124.20342,0.70797,0.25982,718.0,0.32144,243.95,8.8623,718.0,2.7248
24,Biphenyl,C12H10,92-52-4,154.2078,0.52257,0.25833,773.0,0.27026,342.2,6.4251,773.0,2.0229
25,Bromine,Br2,7726-95-6,159.808,2.1872,0.29527,584.15,0.3295,265.85,20.109,584.15,7.4075
26,Bromobenzene,C6H5Br,108-86-1,157.0079,0.8226,0.26632,670.15,0.2821,242.43,9.9087,670.15,3.0888
27,Bromoethane,C2H5Br,74-96-4,108.965,1.3285,0.2708,503.8,0.3012,154.25,15.809,503.8,4.9058
28,Bromomethane,CH3Br,74-83-9,94.93852,1.796,0.27065,464.0,0.28947,173.0,20.787,464.0,6.6359
29,"1,2-Butadiene",C4H6,590-19-2,54.09044,1.187,0.26114,452.0,0.3065,136.95,15.123,452.0,4.5455
30,"1,3-Butadiene",C4H6,106-99-0,54.09044,1.2346,0.27216,425.0,0.28707,164.25,14.058,425.0,4.5363
31,Butane,C4H10,106-97-8,58.1222,1.0677,0.27188,425.12,0.28688,134.86,12.62,425.12,3.9271
32,"1,2-Butanediol",C4H10O2,584-03-2,90.121,0.81696,0.24755,680.0,0.24535,220.0,11.734,680.0,3.3002
33,"1,3-Butanediol",C4H10O2,107-88-0,90.121,0.81856,0.24967,676.0,0.22023,196.15,11.872,676.0,3.2786
34,1-Butanol,C4H10O,71-36-3,74.1216,0.98279,0.2683,563.1,0.25488,183.85,12.035,563.1,3.663
35,2-Butanol,C4H10O,78-92-2,74.1216,0.97552,0.26339,535.9,0.26864,158.45,12.473,535.9,3.7037
36,1-Butene,C4H8,106-98-9,56.10632,1.0877,0.26454,419.5,0.2843,87.8,14.264,419.5,4.1117
37,cis-2-Butene,C4H8,590-18-1,56.10632,1.1591,0.27085,435.5,0.28116,134.26,13.894,435.5,4.2795
38,trans-2-Butene,C4H8,624-64-6,56.10632,1.1448,0.27154,428.6,0.28419,167.62,13.08,428.6,4.216
39,Butyl acetate,C6H12O2,123-86-4,116.15828,0.67794,0.2637,575.4,0.29318,199.65,8.3365,575.4,2.5709
40,Butylbenzene,C10H14,104-51-8,134.21816,0.50812,0.25238,660.5,0.29373,185.3,7.0264,660.5,2.0133
41,Butyl mercaptan,C4H10S,109-79-5,90.1872,0.89458,0.27463,570.1,0.28512,157.46,10.585,570.1,3.2574
42,sec-Butyl mercaptan,C4H10S,513-53-1,90.1872,0.89137,0.27365,554.0,0.2953,133.02,10.761,554.0,3.2573
43,1-Butyne,C4H6,107-00-6,54.09044,1.3409,0.27892,440.0,0.29661,147.43,14.901,440.0,4.8075
44,Butyraldehyde,C4H8O,123-72-8,72.10572,1.033873,0.266739,537.2,0.28571,176.8,12.602,537.2,3.876
45,Butyric acid,C4H8O2,107-92-6,88.1051,0.88443,0.25828,615.7,0.248,267.95,11.087,615.7,3.4243
46,Butyronitrile,C4H7N,109-74-0,69.1051,0.79716,0.23168,585.4,0.28071,161.3,13.087,585.4,3.4408
47,Carbon dioxide,CO2,124-38-9,44.0095,2.768,0.26212,304.21,0.2908,216.58,26.828,304.21,10.56
48,Carbon disulfide,CS2,75-15-0,76.1407,1.7968,0.28749,552.0,0.3226,161.11,19.064,552.0,6.25
49,Carbon monoxide,CO,630-08-0,28.0101,2.897,0.27532,132.92,0.2813,68.15,30.18,132.92,10.522
50,Carbon tetrachloride,CCl4,56-23-5,153.8227,0.99835,0.274,556.35,0.287,250.33,10.843,556.35,3.6436
51,Carbon tetrafluoride,CF4,75-73-0,88.0043,1.955,0.27884,227.51,0.28571,89.56,21.211,227.51,7.0112
52,Chlorine,Cl2,7782-50-5,70.906,2.23,0.27645,417.15,0.2926,172.12,24.242,417.15,8.0666
53,Chlorobenzene,C6H5Cl,108-90-7,112.5569,0.8711,0.26805,632.35,0.2799,227.95,10.385,632.35,3.2498
54,Chloroethane,C2H5Cl,75-00-3,64.5141,1.39625,0.26867,460.35,0.28571,136.75,17.055,460.35,5.1969
55,Chloroform,CHCl3,67-66-3,119.37764,1.0841,0.2581,536.4,0.2741,209.63,13.702,536.4,4.2003
56,Chloromethane,CH3Cl,74-87-3,50.4875,1.8651,0.2627,416.25,0.28571,175.43,22.272,416.25,7.0997
57,1-Chloropropane,C3H7Cl,540-54-5,78.54068,1.12465,0.2728,503.15,0.28571,150.35,13.333,503.15,4.1226
58,2-Chloropropane,C3H7Cl,75-29-6,78.54068,1.1202,0.27669,489.0,0.27646,155.97,12.855,489.0,4.0486
59,m-Cresol,C7H8O,108-39-4,108.13782,0.9061,0.28268,705.85,0.2707,285.39,9.6115,705.85,3.2054
60,o-Cresol,C7H8O,95-48-7,108.13782,0.95937,0.2882,697.55,0.2857,304.19,9.5725,697.55,3.3288
61,p-Cresol,C7H8O,106-44-5,108.13782,1.1503,0.31861,704.65,0.30104,307.93,9.4494,704.65,3.6104
62,Cumene,C9H12,98-82-8,120.19158,0.58711,0.25583,631.0,0.28498,177.14,7.9387,631.0,2.2949
63,Cyanogen,C2N2,460-19-5,52.0348,1.7805,0.26846,400.15,0.26079,245.25,18.517,400.15,6.6323
64,Cyclobutane,C4H8,287-23-0,56.10632,1.3931,0.29255,459.93,0.24913,182.48,14.074,459.93,4.7619
65,Cyclohexane,C6H12,110-82-7,84.15948,0.88998,0.27376,553.8,0.28571,279.69,9.3804,553.8,3.2509
66,Cyclohexanol,C6H12O,108-93-0,100.15888,0.8243,0.26545,650.1,0.28495,296.6,9.4693,650.1,3.1053
67,Cyclohexanone,C6H10O,108-94-1,98.143,0.86464,0.26888,653.0,0.29943,242.0,10.09,653.0,3.2157
68,Cyclohexene,C6H10,110-83-8,82.1436,0.92997,0.27056,560.4,0.28943,169.67,11.16,560.4,3.4372
69,Cyclopentane,C5H10,287-92-3,70.1329,1.0897,0.28356,511.7,0.25142,179.28,11.906,511.7,3.8429
70,Cyclopentene,C5H8,142-29-0,68.11702,1.1035,0.27035,507.0,0.28699,138.13,13.47,507.0,4.0817
71,Cyclopropane,C3H6,75-19-4,42.07974,1.7411,0.28205,398.0,0.29598,145.59,18.658,398.0,6.173
72,Cyclohexyl mercaptan,C6H12S,1569-69-3,116.22448,0.78578,0.27882,664.0,0.31067,189.64,8.9048,664.0,2.8182
73,Decanal,C10H20O,112-31-2,156.2652,0.478542,0.275162,674.0,0.28571,285.0,5.2396,674.0,1.7391
74,Decane,C10H22,124-18-5,142.28168,0.41084,0.25175,617.7,0.28571,243.51,5.3927,617.7,1.6319
75,Decanoic acid,C10H20O2,334-48-5,172.265,0.39348,0.2492,722.1,0.28571,304.55,5.1809,722.1,1.579
76,1-Decanol,C10H22O,112-30-1,158.28108,0.38208,0.24645,688.0,0.26125,280.05,5.2609,688.0,1.5503
77,1-Decene,C10H20,872-05-9,140.2658,0.43981,0.25661,616.6,0.29148,206.89,5.7328,616.6,1.7139
78,Decyl mercaptan,C10H22S,143-10-2,174.34668,0.44289,0.27636,696.0,0.27668,247.56,5.0048,696.0,1.6026
79,1-Decyne,C10H18,764-93-2,138.24992,0.46877,0.25875,619.85,0.29479,229.15,5.8954,619.85,1.8117
80,Deuterium,D2,7782-39-0,4.0316,5.2115,0.315,38.35,0.28571,18.73,42.945,38.35,16.544
81,"1,1-Dibromoethane",C2H4Br2,557-91-5,187.86116,0.95523,0.26364,628.0,0.29825,210.15,11.799,628.0,3.6232
82,"1,2-Dibromoethane",C2H4Br2,106-93-4,187.86116,1.0132,0.26634,650.15,0.28571,282.85,11.704,650.15,3.8042
83,Dibromomethane,CH2Br2,74-95-3,173.83458,1.1136,0.24834,611.0,0.27583,220.6,15.358,611.0,4.4842
84,Dibutyl ether,C8H18O,142-96-1,130.22792,0.55941,0.27243,584.1,0.29932,175.3,6.6071,584.1,2.0534
85,m-Dichlorobenzene,C6H4Cl2,541-73-1,147.00196,0.74495,0.26147,683.95,0.31526,248.39,9.1207,683.95,2.8491
86,o-Dichlorobenzene,C6H4Cl2,95-50-1,147.00196,0.74404,0.26112,705.0,0.30815,256.15,9.1658,705.0,2.8494
87,p-Dichlorobenzene,C6H4Cl2,106-46-7,147.00196,0.74858,0.26276,684.75,0.30788,326.14,8.5175,684.75,2.8489
88,"1,1-Dichloroethane",C2H4Cl2,75-34-3,98.95916,1.1055,0.26533,523.0,0.287,176.19,13.549,523.0,4.1665
89,"1,2-Dichloroethane",C2H4Cl2,107-06-2,98.95916,1.2591,0.27698,561.6,0.30492,237.49,13.462,561.6,4.5458
90,Dichloromethane,CH2Cl2,75-09-2,84.93258,1.3897,0.25678,510.0,0.2902,178.01,17.974,510.0,5.412
91,"1,1-Dichloropropane",C3H6Cl2,78-99-9,112.98574,0.9551,0.27794,560.0,0.24132,192.5,10.925,560.0,3.4364
92,"1,2-Dichloropropane",C3H6Cl2,78-87-5,112.98574,0.89833,0.26142,572.0,0.2868,172.71,11.526,572.0,3.4363
93,Diethanol amine,C4H11NO2,111-42-2,105.13564,0.68184,0.23796,736.6,0.2062,301.15,10.39,736.6,2.8654
94,Diethyl amine,C4H11N,109-89-7,73.13684,0.85379,0.25675,496.6,0.27027,223.35,10.575,496.6,3.3254
95,Diethyl ether,C4H10O,60-29-7,74.1216,0.9554,0.26847,466.7,0.2814,156.85,11.487,466.7,3.5587
96,Diethyl sulfide,C4H10S,352-93-2,90.1872,0.82227,0.26314,557.15,0.27369,169.2,10.47,557.15,3.1248
97,"1,1-Difluoroethane",C2H4F2,75-37-6,66.04997,1.4345,0.25774,386.44,0.28178,154.56,18.006,386.44,5.5657
98,"1,2-Difluoroethane",C2H4F2,624-72-6,66.04997,1.173,0.22856,445.0,0.28571,179.6,18.336,445.0,5.1321
99,Difluoromethane,CH2F2,75-10-5,52.02339,1.9973,0.24653,351.26,0.28153,136.95,27.399,351.26,8.1017
100,Di–sopropyl amine,C6H15N,108-18-9,101.19,0.6181,0.25786,523.1,0.271,176.85,8.0541,523.1,2.397
101,Di–sopropyl ether,C6H14O,108-20-3,102.17476,0.69213,0.26974,500.05,0.28571,187.65,8.0673,500.05,2.5659
102,Di–sopropyl ketone,C7H14O,565-80-0,114.18546,0.64619,0.26881,576.0,0.28036,204.81,7.6796,576.0,2.4039
103,"1,1-Dimethoxyethane",C4H10O2,534-15-6,90.121,0.89368,0.26599,507.8,0.28571,159.95,11.029,507.8,3.3598
104,"1,2-Dimethoxypropane",C5H12O2,7778-85-0,104.14758,0.76327,0.26742,543.0,0.28571,226.1,8.8431,543.0,2.8542
105,Dimethyl acetylene,C4H6,503-17-3,54.09044,1.1717,0.25895,473.2,0.27289,240.91,13.767,473.2,4.5248
106,Dimethyl amine,C2H7N,124-40-3,45.08368,1.5436,0.27784,437.2,0.2572,180.96,16.964,437.2,5.5557
107,"2,3-Dimethylbutane",C6H14,79-29-8,86.17536,0.7565,0.27305,500.0,0.27408,145.19,9.031,500.0,2.7706
108,"1,1-Dimethylcyclohexane",C8H16,590-66-9,112.21264,0.55873,0.25143,591.15,0.27758,239.66,7.3417,591.15,2.2222
109,"cis-1,2-Dimethylcyclohexane",C8H16,2207-01-4,112.21264,0.52953,0.24358,606.15,0.26809,223.16,7.5783,606.15,2.1739
110,"trans-1,2-Dimethylcyclohexane",C8H16,6876-23-9,112.21264,0.54405,0.25026,596.15,0.2658,184.99,7.6258,596.15,2.1739
111,Dimethyl disulfide,C2H6S2,624-92-0,94.19904,1.1058,0.27866,615.0,0.31082,188.44,12.413,615.0,3.9683
112,Dimethyl ether,C2H6O,115-10-6,46.06844,1.5693,0.2679,400.1,0.2882,131.65,18.95,400.1,5.8578
113,"N,N-Dimethyl formamide",C3H7NO,68-12-2,73.09378,0.89615,0.23478,649.6,0.28091,212.72,13.954,649.6,3.817
114,"2,3-Dimethylpentane",C7H16,565-59-3,100.20194,0.72352,0.28629,537.3,0.27121,141.23,7.9932,537.3,2.5272
115,Dimethyl phthalate,C10H10O4,131-11-3,194.184,0.47977,0.25428,766.0,0.30722,274.18,6.2334,766.0,1.8868
116,Dimethylsilane,C2H8Si,1111-74-6,60.17042,1.0214,0.26351,402.0,0.28421,122.93,12.898,402.0,3.8761
117,Dimethyl sulfide,C2H6S,75-18-3,62.134,1.4029,0.27991,503.04,0.2741,174.88,15.556,503.04,5.012
118,Dimethyl sulfoxide,C2H6OS,67-68-5,78.13344,1.1096,0.25189,729.0,0.3311,291.67,14.111,729.0,4.4051
119,Dimethyl terephthalate,C10H10O4,120-61-6,194.184,0.48611,0.25715,777.4,0.28571,413.79,5.6397,777.4,1.8904
120,"1,4-Dioxane",C4H8O2,123-91-1,88.10512,1.1819,0.2813,587.0,0.3047,284.95,11.838,587.0,4.2016
121,Diphenyl ether,C12H10O,101-84-8,170.2072,0.52133,0.26218,766.8,0.31033,300.03,6.2648,766.8,1.9884
122,Dipropyl amine,C6H15N,142-84-7,101.19,0.659,0.26428,550.0,0.2766,210.15,7.9929,550.0,2.4936
123,Dodecane,C12H26,112-40-3,170.33484,0.33267,0.24664,658.0,0.28571,263.57,4.5205,658.0,1.3488
124,Eicosane,C20H42,112-95-8,282.54748,0.18166,0.23351,768.0,0.28571,309.58,2.7293,768.0,0.778
125,Ethane,C2H6,74-84-0,30.069,1.9122,0.27937,305.32,0.29187,90.35,21.64,305.32,6.8447
126,Ethanol,C2H6O,64-17-5,46.06844,1.6288,0.27469,514.0,0.23178,159.05,19.41,514.0,5.9296
127,Ethyl acetate,C4H8O2,141-78-6,88.10512,0.8996,0.25856,523.3,0.278,189.6,11.478,523.3,3.4793
128,Ethyl amine,C2H7N,75-04-7,45.08368,1.0936,0.22636,456.15,0.25522,192.15,17.588,456.15,4.8312
129,Ethylbenzene,C8H10,100-41-4,106.165,0.70041,0.26162,617.15,0.28454,178.2,9.0407,617.15,2.6772
130,Ethyl benzoate,C9H10O2,93-89-0,150.1745,0.48864,0.23894,698.0,0.28421,238.45,7.2908,698.0,2.045
131,2-Ethyl butanoic acid,C6H12O2,88-09-5,116.15828,0.66085,0.25707,655.0,0.31103,258.15,8.2198,655.0,2.5707
132,Ethyl butyrate,C6H12O2,105-54-4,116.15828,0.63566,0.25613,571.0,0.27829,175.15,8.4912,571.0,2.4818
133,Ethylcyclohexane,C8H16,1678-91-7,112.21264,0.61587,0.26477,609.15,0.28054,161.84,7.8679,609.15,2.3261
134,Ethylcyclopentane,C7H14,1640-89-7,98.18606,0.71751,0.26903,569.5,0.27733,134.71,9.0179,569.5,2.667
135,Ethylene,C2H4,74-85-1,28.05316,2.0961,0.27657,282.34,0.29147,104.0,23.326,282.34,7.5789
136,Ethylenediamine,C2H8N2,107-15-3,60.09832,0.7842,0.20702,593.0,0.20254,284.29,15.055,593.0,3.788
137,Ethylene glycol,C2H6O2,107-21-1,62.06784,1.315,0.25125,720.0,0.21868,260.15,18.31,720.0,5.2338
138,Ethyleneimine,C2H5N,151-56-4,43.0678,1.3462,0.23289,537.0,0.23357,195.2,21.45,537.0,5.7804
139,Ethylene oxide,C2H4O,75-21-8,44.05256,1.836,0.26024,469.15,0.2696,160.65,23.477,469.15,7.055
140,Ethyl formate,C3H6O2,109-94-4,74.07854,1.1343,0.26168,508.4,0.2791,193.55,14.006,508.4,4.3347
141,2-Ethyl hexanoic acid,C8H16O2,149-57-5,144.211,0.47428,0.25028,674.6,0.25442,155.15,6.926,674.6,1.895
142,Ethylhexyl ether,C8H18O,5756-43-4,130.22792,0.55729,0.2714,583.0,0.29538,180.0,6.612,583.0,2.0534
143,Ethylisopropyl ether,C5H12O,625-54-7,88.14818,0.8185,0.26929,489.0,0.30621,140.0,9.9236,489.0,3.0395
144,Ethylisopropyl ketone,C6H12O,565-69-5,100.15888,0.68162,0.25152,567.0,0.3182,204.15,8.9749,567.0,2.71
145,Ethyl mercaptan,C2H6S,75-08-1,62.13404,1.3047,0.2694,499.15,0.27866,125.26,16.242,499.15,4.843
146,Ethyl propionate,C5H10O2,105-37-3,102.1317,0.7405,0.25563,546.0,0.2795,199.25,9.6317,546.0,2.8968
147,Ethylpropyl ether,C5H12O,628-32-0,88.14818,0.7908,0.266,500.23,0.292,145.65,9.8474,500.23,2.9729
148,Ethyltrichlorosilane,C2H5Cl3Si,115-21-9,163.506,0.61243,0.24681,559.95,0.30858,167.55,8.6934,559.95,2.4814
149,Fluorine,F2,7782-41-4,37.9968064,4.2895,0.28587,144.12,0.28776,53.48,44.888,144.12,15.005
150,Fluorobenzene,C6H5F,462-06-6,96.1023032,1.0146,0.27277,560.09,0.28291,230.94,11.374,560.09,3.7196
151,Fluoroethane,C2H5F,353-36-6,48.0595,1.693858,0.269323,375.31,0.28571,129.95,20.099,375.31,6.2893
152,Fluoromethane,CH3F,593-53-3,34.03292,2.2261,0.25072,317.42,0.27343,131.35,29.345,317.42,8.8788
153,Formaldehyde,CH2O,50-00-0,30.02598,3.897011,0.331636,420.0,0.28571,155.15,30.92,420.0,11.751
154,Formamide,CH3NO,75-12-7,45.04062,1.2486,0.20352,771.0,0.25178,275.6,25.488,771.0,6.135
155,Formic acid,CH2O2,64-18-6,46.0257,1.938,0.24225,588.0,0.24435,281.45,26.806,588.0,8.0
156,Furan,C4H4O,110-00-9,68.07396,1.1339,0.24741,490.15,0.2612,187.55,15.702,490.15,4.5831
157,Helium-4,He,7440-59-7,4.0026,7.2475,0.41865,5.2,0.24096,2.2,37.115,5.2,17.312
158,Heptadecane,C17H36,629-78-7,240.46774,0.21897,0.23642,736.0,0.28571,295.13,3.2189,736.0,0.9262
159,Heptanal,C7H14O,111-71-7,114.18546,0.577362,0.250575,620.0,0.28571,229.8,7.7462,620.0,2.3041
160,Heptane,C7H16,142-82-5,100.20194,0.61259,0.26211,540.2,0.28141,182.57,7.6998,540.2,2.3371
161,Heptanoic acid,C7H14O2,111-14-8,130.185,0.53066,0.24729,677.3,0.28289,265.83,7.2212,677.3,2.1459
162,1-Heptanol,C7H16O,111-70-6,116.20134,0.55687,0.24725,632.3,0.31471,239.15,7.5022,632.3,2.2523
163,2-Heptanol,C7H16O,543-49-7,116.20134,0.59339,0.2602,608.3,0.26968,220.0,7.5173,608.3,2.2805
164,3-Heptanone,C7H14O,106-35-4,114.18546,0.59268,0.25663,606.6,0.27766,234.15,7.5751,606.6,2.3095
165,2-Heptanone,C7H14O,110-43-0,114.18546,0.58247,0.25279,611.4,0.29818,238.15,7.5514,611.4,2.3042
166,1-Heptene,C7H14,592-76-7,98.18606,0.66016,0.26657,537.4,0.28571,154.12,8.2257,537.4,2.4765
167,Heptyl mercaptan,C7H16S,1639-09-4,132.26694,0.58622,0.2726,645.0,0.29644,229.92,6.7277,645.0,2.1505
168,1-Heptyne,C7H12,628-71-7,96.17018,0.67304,0.26045,547.0,0.28388,192.22,8.4922,547.0,2.5841
169,Hexadecane,C16H34,544-76-3,226.44116,0.23289,0.23659,723.0,0.28571,291.31,3.415,723.0,0.9844
170,Hexanal,C6H12O,66-25-1,100.15888,0.668504,0.252695,594.0,0.28571,214.93,8.8708,594.0,2.6455
171,Hexane,C6H14,110-54-3,86.17536,0.70824,0.26411,507.6,0.27537,177.83,8.747,507.6,2.6816
172,Hexanoic acid,C6H12O2,142-62-1,116.158,0.62833,0.25598,660.2,0.25304,269.25,8.0964,660.2,2.4546
173,1-Hexanol,C6H14O,111-27-3,102.17476,0.70093,0.26776,611.3,0.24919,228.55,8.456,611.3,2.6178
174,2-Hexanol,C6H14O,626-93-7,102.175,0.67393,0.25948,585.3,0.26552,223.0,8.5181,585.3,2.5972
175,2-Hexanone,C6H12O,591-78-6,100.15888,0.67816,0.25634,587.61,0.28365,217.35,8.7319,587.61,2.6455
176,3-Hexanone,C6H12O,589-38-8,100.15888,0.67666,0.25578,582.82,0.27746,217.5,8.7631,582.82,2.6455
177,1-Hexene,C6H12,592-41-6,84.15948,0.76925,0.26809,504.0,0.28571,133.39,9.5815,504.0,2.8694
178,3-Hexyne,C6H10,928-49-4,82.1436,0.78045,0.26065,544.0,0.28571,170.05,10.021,544.0,2.9942
179,Hexyl mercaptan,C6H14S,111-31-9,118.24036,0.66372,0.27345,623.0,0.29185,192.62,7.7733,623.0,2.4272
180,1-Hexyne,C6H10,693-02-7,82.1436,0.84427,0.27185,516.2,0.2771,141.25,10.23,516.2,3.1056
181,2-Hexyne,C6H10,764-35-2,82.1436,0.76277,0.25248,549.0,0.31611,183.65,10.133,549.0,3.0211
182,Hydrazine,H4N2,302-01-2,32.04516,1.0516,0.16613,653.15,0.1898,274.69,31.934,653.15,6.33
183,Hydrogen,H2,1333-74-0,2.01588,5.414,0.34893,33.19,0.2706,13.95,38.487,33.19,15.516
184,Hydrogen bromide,BrH,10035-10-6,80.91194,2.832,0.2832,363.15,0.28571,185.15,27.985,363.15,10.0
185,Hydrogen chloride,ClH,7647-01-0,36.46094,3.342,0.2729,324.65,0.3217,158.97,34.854,324.65,12.246
186,Hydrogen cyanide,CHN,74-90-8,27.02534,1.3413,0.18589,456.65,0.28206,259.83,27.202,456.65,7.2156
187,Hydrogen fluoride,FH,7664-39-3,20.0063432,2.8061,0.19362,461.15,0.29847,189.79,58.861,461.15,14.493
188,Hydrogen sulfide,H2S,7783-06-4,34.08088,2.7672,0.27369,373.53,0.29015,187.68,29.13,373.53,10.111
189,Isobutyric acid,C4H8O2,79-31-2,88.10512,0.88575,0.25736,605.0,0.26265,227.15,11.42,605.0,3.4417
190,Isopropyl amine,C3H9N,75-31-0,59.11026,1.2801,0.2828,471.85,0.2972,177.95,13.561,471.85,4.5265
191,Malonic acid,C3H4O4,141-82-2,104.06146,0.87969,0.24543,834.0,0.28571,409.15,11.417,834.0,3.5843
192,Methacrylic acid,C4H6O2,79-41-4,86.08924,0.87025,0.24383,662.0,0.28571,288.15,11.834,662.0,3.5691
193,Methane,CH4,74-82-8,16.0425,2.9214,0.28976,190.56,0.28881,90.69,28.18,190.56,10.082
194,Methanol,CH4O,67-56-1,32.04186,2.3267,0.27073,512.5,0.24713,175.47,27.915,512.5,8.5942
195,N-Methyl acetamide,C3H7NO,79-16-3,73.09378,0.88268,0.23568,718.0,0.27379,301.15,13.012,718.0,3.7452
196,Methyl acetate,C3H6O2,79-20-9,74.07854,1.13,0.2593,506.55,0.2764,175.15,14.475,506.55,4.3579
197,Methyl acetylene,C3H4,74-99-7,40.06386,1.6085,0.26436,402.4,0.27987,170.45,19.031,402.4,6.0845
198,Methyl acrylate,C4H6O2,96-33-3,86.08924,0.97286,0.26267,536.0,0.2508,196.32,12.203,536.0,3.7037
199,Methyl amine,CH5N,74-89-5,31.0571,1.39,0.21405,430.05,0.2275,179.69,25.378,430.05,6.4938
200,Methyl benzoate,C8H8O2,93-58-3,136.14792,0.53382,0.23274,693.0,0.28147,260.75,8.2202,693.0,2.2936
201,"3-Methyl-1,2-butadiene",C5H8,598-25-4,68.11702,0.84623,0.24625,490.0,0.29041,159.53,11.994,490.0,3.4365
202,2-Methylbutane,C5H12,78-78-4,72.14878,0.91991,0.27815,460.4,0.28667,113.25,10.764,460.4,3.3072
203,2-Methylbutanoic acid,C5H10O2,116-53-0,102.1317,0.72762,0.25244,643.0,0.28571,193.0,9.9915,643.0,2.8823
204,3-Methyl-1-butanol,C5H12O,123-51-3,88.1482,0.8189,0.26974,577.2,0.23573,155.95,10.248,577.2,3.0359
205,2-Methyl-1-butene,C5H10,563-46-2,70.1329,0.91619,0.26752,465.0,0.28164,135.58,11.332,465.0,3.4248
206,2-Methyl-2-butene,C5H10,513-35-9,70.1329,0.93391,0.27275,470.0,0.2578,139.39,11.216,470.0,3.4241
207,2-Methyl -1-butene-3-yne,C5H6,78-80-8,66.10114,1.1157,0.27671,492.0,0.30821,160.15,12.581,492.0,4.032
208,Methylbutyl ether,C5H12O,628-28-4,88.14818,0.8363,0.27514,512.74,0.27553,157.48,9.7581,512.74,3.0395
209,Methylbutyl sulfide,C5H12S,628-29-5,104.214,0.75509,0.27183,593.0,0.29127,175.3,9.0056,593.0,2.7778
210,3-Methyl-1-butyne,C5H8,598-23-2,68.11702,0.94575,0.26008,463.2,0.30807,183.45,11.519,463.2,3.6364
211,Methyl butyrate,C5H10O2,623-42-7,102.1317,0.76983,0.26173,554.5,0.26879,187.35,9.7638,554.5,2.9413
212,Methylchlorosilane,CH5ClSi,993-00-0,80.5889,1.0674,0.26257,442.0,0.26569,139.05,13.626,442.0,4.0652
213,Methylcyclohexane,C7H14,108-87-2,98.18606,0.73109,0.26971,572.1,0.29185,146.58,9.0173,572.1,2.7107
214,1-Methylcyclohexanol,C7H14O,590-67-0,114.18546,0.7013,0.266,686.0,0.28571,285.15,8.2091,686.0,2.6365
215,cis-2-Methylcyclohexanol,C7H14O,7443-70-1,114.18546,0.70973,0.26544,614.0,0.26016,280.15,8.2931,614.0,2.6738
216,trans-2-Methylcyclohexanol,C7H14O,7443-52-9,114.18546,0.72836,0.27241,617.0,0.2478,269.15,8.2628,617.0,2.6738
217,Methylcyclopentane,C6H12,96-37-7,84.15948,0.84758,0.27037,532.7,0.28258,130.73,10.491,532.7,3.1349
218,1-Methylcyclopentene,C6H10,693-89-0,82.1436,0.88824,0.26914,542.0,0.27874,146.62,10.98,542.0,3.3003
219,3-Methylcyclopentene,C6H10,1120-62-3,82.1436,0.9109,0.276,526.0,0.26756,168.54,10.538,526.0,3.3004
220,Methyldichlorosilane,CH4Cl2Si,75-54-7,115.03396,0.97608,0.28209,483.0,0.22529,182.55,10.789,483.0,3.4602
221,Methylethyl ether,C3H8O,540-67-0,60.09502,1.2635,0.27878,437.8,0.2744,160.0,13.995,437.8,4.5322
222,Methylethyl ketone,C4H8O,78-93-3,72.10572,0.93767,0.25035,535.5,0.29964,186.48,12.663,535.5,3.7454
223,Methylethyl sulfide,C3H8S,624-89-5,76.1606,1.067,0.27102,533.0,0.29364,167.23,12.671,533.0,3.937
224,Methyl formate,C2H4O2,107-31-3,60.05196,1.525,0.2634,487.2,0.2806,174.15,18.811,487.2,5.7897
225,Methylisobutyl ether,C5H12O,625-44-5,88.14818,0.84005,0.27638,497.0,0.27645,188.0,9.3871,497.0,3.0395
226,Methylisobutyl ketone,C6H12O,108-10-1,100.15888,0.71687,0.26453,574.6,0.28918,189.15,8.8617,574.6,2.71
227,Methyl Isocyanate,C2H3NO,624-83-9,57.05132,1.0228,0.20692,488.0,0.28571,256.15,17.666,488.0,4.943
228,Methylisopropyl ether,C4H10O,598-53-8,74.1216,0.97887,0.27017,464.48,0.28998,127.93,11.933,464.48,3.6232
229,Methylisopropyl ketone,C5H10O,563-80-4,86.1323,0.86567,0.26836,553.4,0.28364,180.15,10.46,553.4,3.2258
230,Methylisopropyl sulfide,C4H10S,1551-21-9,90.1872,0.78912,0.25915,553.1,0.26512,171.64,10.352,553.1,3.045
231,Methyl mercaptan,CH4S,74-93-1,48.10746,1.9323,0.28018,469.95,0.28523,150.18,21.564,469.95,6.8966
232,Methyl methacrylate,C5H8O2,80-62-6,100.11582,0.7761,0.25068,566.0,0.29773,224.95,10.176,566.0,3.096
233,2-Methyloctanoic acid,C9H18O2,3004-93-1,158.23802,0.4416,0.2521,694.0,0.28532,240.0,5.938,694.0,1.7517
234,2-Methylpentane,C6H14,107-83-5,86.17536,0.72701,0.26754,497.7,0.28268,119.55,9.2041,497.7,2.7174
235,Methyl pentyl ether,C6H14O,628-80-8,102.17476,0.71004,0.26981,546.49,0.29974,176.0,8.445,546.49,2.6316
236,2-Methylpropane,C4H10,75-28-5,58.1222,1.0631,0.27506,407.8,0.2758,113.54,12.574,407.8,3.865
237,2-Methyl-2-propanol,C4H10O,75-65-0,74.1216,0.92128,0.25442,506.2,0.27586,298.97,10.556,506.2,3.6211
238,2-Methyl propene,C4H8,115-11-7,56.10632,1.1446,0.2724,417.9,0.28172,132.81,13.507,417.9,4.2019
239,Methyl propionate,C4H8O2,554-12-1,88.10512,0.9147,0.2594,530.6,0.2774,185.65,11.678,530.6,3.5262
240,Methylpropyl ether,C4H10O,557-17-5,74.1216,0.96145,0.26536,476.25,0.30088,133.97,12.043,476.25,3.6232
241,Methylpropyl sulfide,C4H10S,3877-15-4,90.1872,0.87496,0.26862,565.0,0.30259,160.17,10.689,565.0,3.2572
242,Methylsilane,CH6Si,992-94-9,46.14384,1.3052,0.26757,352.5,0.28799,116.34,15.791,352.5,4.878
243,alpha-Methyl styrene,C9H10,98-83-9,118.1757,0.64856,0.25877,654.0,0.31444,249.95,8.0099,654.0,2.5063
244,Methyl tert-butyl ether,C5H12O,1634-04-4,88.1482,0.817948,0.269105,497.1,0.28571,164.55,9.7955,497.1,3.0395
245,Methyl vinyl ether,C3H6O,107-25-5,58.07914,1.2587,0.26433,437.0,0.25819,151.15,15.691,437.0,4.7619
246,Naphthalene,C10H8,91-20-3,128.17052,0.6348,0.25838,748.4,0.27727,333.15,7.7545,748.4,2.4568
247,Neon,Ne,7440-01-9,20.1797,7.3718,0.3067,44.4,0.2786,24.56,61.796,44.4,24.036
248,Nitroethane,C2H5NO2,79-24-3,75.0666,1.0024,0.23655,593.0,0.278,183.63,15.556,593.0,4.2376
249,Nitrogen,N2,7727-37-9,28.0134,3.2091,0.2861,126.2,0.2966,63.15,31.063,126.2,11.217
250,Nitrogen trifluoride,F3N,7783-54-2,71.00191,2.3736,0.2817,234.0,0.29529,66.46,26.555,234.0,8.426
251,Nitromethane,CH3NO2,75-52-5,61.04002,1.3728,0.23793,588.15,0.29601,244.6,19.632,588.15,5.7698
252,Nitrous oxide,N2O,10024-97-2,44.0128,2.781,0.27244,309.57,0.2882,182.3,27.928,309.57,10.208
253,Nitric oxide,NO,10102-43-9,30.0061,5.246,0.3044,180.15,0.242,109.5,44.487,180.15,17.234
254,Nonadecane,C19H40,629-92-5,268.5209,0.19199,0.23337,758.0,0.28571,305.04,2.8889,758.0,0.8227
255,Nonanal,C9H18O,124-19-6,142.23862,0.473233,0.256918,658.5,0.28571,267.3,5.9415,658.5,1.842
256,Nonane,C9H20,111-84-2,128.2551,0.46321,0.25444,594.6,0.28571,219.66,6.0427,594.6,1.8205
257,Nonanoic acid,C9H18O2,112-05-0,158.238,0.41582,0.24284,710.7,0.30036,285.55,5.7592,710.7,1.7123
258,1-Nonanol,C9H20O,143-08-8,144.2545,0.43682,0.25161,670.9,0.2498,268.15,5.8496,670.9,1.7361
259,2-Nonanol,C9H20O,628-99-9,144.255,0.419258,0.241912,649.5,0.28571,238.15,6.0223,649.5,1.7331
260,1-Nonene,C9H18,124-11-8,126.23922,0.48661,0.25722,593.1,0.28571,191.91,6.3717,593.1,1.8918
261,Nonyl mercaptan,C9H20S,1455-21-6,160.3201,0.47377,0.27052,681.0,0.30284,253.05,5.4532,681.0,1.7513
262,1-Nonyne,C9H16,3452-09-3,124.22334,0.52152,0.25918,598.05,0.29177,223.15,6.5369,598.05,2.0122
263,Octadecane,C18H38,593-45-3,254.49432,0.20448,0.23474,747.0,0.28571,301.31,3.0418,747.0,0.8711
264,Octanal,C8H16O,124-13-0,128.212,0.525901,0.25664,638.9,0.28571,251.65,6.6608,638.9,2.0492
265,Octane,C8H18,111-65-9,114.22852,0.5266,0.25693,568.7,0.28571,216.38,6.7049,568.7,2.0496
266,Octanoic acid,C8H16O2,124-07-2,144.211,0.48251,0.25196,694.26,0.26842,289.65,6.3107,694.26,1.915
267,1-Octanol,C8H18O,111-87-5,130.22792,0.48979,0.24931,652.3,0.27824,257.65,6.5738,652.3,1.9646
268,2-Octanol,C8H18O,123-96-6,130.228,0.52497,0.26186,629.8,0.25257,241.55,6.5625,629.8,2.0048
269,2-Octanone,C8H16O,111-13-7,128.21204,0.50006,0.24851,632.7,0.29942,252.85,6.6477,632.7,2.0122
270,3-Octanone,C8H16O,106-68-3,128.21204,0.5108,0.25386,627.7,0.26735,255.55,6.6283,627.7,2.0121
271,1-Octene,C8H16,111-66-0,112.21264,0.55449,0.25952,566.9,0.28571,171.45,7.2155,566.9,2.1366
272,Octyl mercaptan,C8H18S,111-88-6,146.29352,0.52577,0.27234,667.3,0.30063,223.95,6.0987,667.3,1.9306
273,1-Octyne,C8H14,629-05-0,110.19676,0.58945,0.26052,574.0,0.28532,193.55,7.4832,574.0,2.2626
274,Oxalic acid,C2H2O4,144-62-7,90.03488,1.1911,0.27038,828.0,0.28571,462.65,12.405,828.0,4.4053
275,Oxygen,O2,7782-44-7,31.9988,3.9143,0.28772,154.58,0.2924,54.35,40.77,154.58,13.605
276,Ozone,O3,10028-15-6,47.9982,3.3592,0.29884,261.0,0.28523,80.15,33.361,261.0,11.241
277,Pentadecane,C15H32,629-62-9,212.41458,0.25142,0.23837,708.0,0.28571,283.07,3.6423,708.0,1.0547
278,Pentanal,C5H10O,110-62-3,86.1323,0.85658,0.26811,566.1,0.27354,191.59,10.353,566.1,3.1949
279,Pentane,C5H12,109-66-0,72.14878,0.84947,0.26726,469.7,0.27789,143.42,10.474,469.7,3.1784
280,Pentanoic acid,C5H10O2,109-52-4,102.132,0.73455,0.25636,639.16,0.25522,239.15,9.5869,639.16,2.8653
281,1-Pentanol,C5H12O,71-41-0,88.1482,0.81754,0.26732,588.1,0.25348,195.56,10.061,588.1,3.0583
282,2-Pentanol,C5H12O,6032-29-7,88.1482,0.81577,0.26594,561.0,0.25551,200.0,10.017,561.0,3.0675
283,2-Pentanone,C5H10O,107-87-9,86.1323,0.90411,0.27207,561.08,0.30669,196.29,10.398,561.08,3.3231
284,3-Pentanone,C5H10O,96-22-0,86.1323,0.71811,0.24129,560.95,0.27996,234.18,10.102,560.95,2.9761
285,1-Pentene,C5H10,109-67-1,70.1329,0.89816,0.26608,464.8,0.28571,108.02,11.521,464.8,3.3755
286,2-Pentyl mercaptan,C5H12S,2084-19-7,104.21378,0.65858,0.25367,584.3,0.28571,160.75,9.073,584.3,2.5962
287,Pentyl mercaptan,C5H12S,110-66-7,104.21378,0.75345,0.27047,598.0,0.30583,197.45,8.8575,598.0,2.7857
288,1-Pentyne,C5H8,627-19-0,68.11702,0.8491,0.2352,481.2,0.353,167.45,12.532,481.2,3.6101
289,2-Pentyne,C5H8,627-21-4,68.11702,0.92099,0.25419,519.0,0.31077,163.83,12.24,519.0,3.6232
290,Phenanthrene,C14H10,85-01-8,178.2292,0.45554,0.2523,869.0,0.24841,372.38,5.9853,869.0,1.8055
291,Phenol,C6H6O,108-95-2,94.11124,1.3798,0.31598,694.25,0.32768,314.06,11.244,694.25,4.3667
292,Phenyl isocyanate,C7H5NO,103-71-9,119.1207,0.63163,0.23373,653.0,0.28571,243.15,9.6466,653.0,2.7024
293,Phthalic anhydride,C8H4O3,85-44-9,148.11556,0.5393,0.22704,791.0,0.248,404.15,8.2218,791.0,2.3754
294,Propadiene,C3H4,463-49-0,40.06386,1.6087,0.26543,394.0,0.29895,136.87,19.479,394.0,6.0607
295,Propane,C3H8,74-98-6,44.09562,1.3757,0.27453,369.83,0.29359,85.47,16.583,369.83,5.0111
296,1-Propanol,C3H8O,71-23-8,60.09502,1.2457,0.27281,536.8,0.23994,146.95,15.206,536.8,4.5662
297,2-Propanol,C3H8O,67-63-0,60.095,1.1799,0.2644,508.3,0.24653,185.26,14.663,508.3,4.4626
298,Propenylcyclohexene,C9H14,13511-13-2,122.20746,0.61255,0.26769,636.0,0.28571,199.0,7.4763,636.0,2.2883
299,Propionaldehyde,C3H6O,123-38-6,58.07914,1.2861,0.26236,503.6,0.3004,165.0,16.075,503.6,4.902
300,Propionic acid,C3H6O2,79-09-4,74.0785,1.0969,0.25568,600.81,0.26857,252.45,13.935,600.81,4.2901
301,Propionitrile,C3H5N,107-12-0,55.0785,0.91281,0.22125,561.3,0.26811,180.37,16.067,561.3,4.1257
302,Propyl acetate,C5H10O2,109-60-4,102.1317,0.73041,0.25456,549.73,0.27666,178.15,9.7941,549.73,2.8693
303,Propyl amine,C3H9N,107-10-8,59.11026,0.9195,0.23878,496.95,0.2461,188.36,13.764,496.95,3.8508
304,Propylbenzene,C9H12,103-65-1,120.19158,0.57233,0.25171,638.35,0.29616,173.55,7.9821,638.35,2.2738
305,Propylene,C3H6,115-07-1,42.07974,1.4403,0.26852,364.85,0.28775,87.89,18.07,364.85,5.3638
306,Propyl formate,C4H8O2,110-74-7,88.10512,0.915,0.26134,538.0,0.28,180.25,11.59,538.0,3.5012
307,2-Propyl mercaptan,C3H8S,75-33-2,76.16062,1.093,0.27762,517.0,0.29781,142.61,12.61,517.0,3.937
308,Propyl mercaptan,C3H8S,107-03-9,76.16062,1.0714,0.27214,536.6,0.29481,159.95,12.716,536.6,3.9369
309,"1,2-Propylene glycol",C3H8O2,57-55-6,76.09442,1.0923,0.26106,626.0,0.20459,213.15,14.363,626.0,4.1841
310,Quinone,C6H4O2,106-51-4,108.09476,0.83228,0.25385,683.0,0.23658,388.85,10.082,683.0,3.2786
311,Silicon tetrafluoride,F4Si,7783-61-1,104.07911,1.1945,0.24128,259.0,0.16693,186.35,15.635,259.0,4.9507
312,Styrene,C8H8,100-42-5,104.14912,0.7397,0.2603,636.0,0.3009,242.54,9.1088,636.0,2.8417
313,Succinic acid,C4H6O4,110-15-6,118.08804,0.65882,0.21741,838.0,0.28571,460.85,10.21,838.0,3.0303
314,Sulfur dioxide,O2S,7446-09-5,64.0638,2.106,0.25842,430.75,0.2895,197.67,25.298,430.75,8.1495
315,Sulfur hexafluoride,F6S,2551-62-4,146.0554192,1.3587,0.2701,318.69,0.2921,223.15,12.631,318.69,5.0304
316,Sulfur trioxide,O3S,7446-11-9,80.0632,1.4969,0.19013,490.85,0.4359,289.95,24.241,490.85,7.873
317,Terephthalic acid,C8H6O4,100-21-0,166.13084,0.41922,0.17775,883.6,0.28571,700.15,7.102,883.6,2.3585
318,o-Terphenyl,C18H14,84-15-1,230.30376,5.7136,-0.003474,0.0,0.0,288.15,4.7126,313.19,4.6256
319,Tetradecane,C14H30,629-59-4,198.388,0.27248,0.24007,693.0,0.28571,279.01,3.889,693.0,1.135
320,Tetrahydrofuran,C4H8O,109-99-9,72.10572,1.2543,0.28084,540.15,0.2912,164.65,13.998,540.15,4.4662
321,"1,2,3,4-Tetrahydronaphthalene",C10H12,119-64-2,132.20228,0.67717,0.27772,720.0,0.2878,237.38,7.638,720.0,2.4383
322,Tetrahydrothiophene,C4H8S,110-01-0,88.17132,1.1628,0.28954,631.95,0.28674,176.99,12.408,631.95,4.016
323,"2,2,3,3-Tetramethylbutane",C8H18,594-82-1,114.22852,0.58988,0.27201,568.0,0.27341,373.96,5.7242,568.0,2.1686
324,Thiophene,C4H4S,110-02-1,84.13956,1.2874,0.28194,579.35,0.30781,234.94,13.43,579.35,4.5662
325,Toluene,C7H8,108-88-3,92.13842,0.8792,0.27136,591.75,0.29241,178.18,10.487,591.75,3.24
326,"1,1,2-Trichloroethane",C2H3Cl3,79-00-5,133.40422,0.9062,0.25475,602.0,0.31,236.5,11.478,602.0,3.5572
327,Tridecane,C13H28,629-50-5,184.36142,0.29934,0.2433,675.0,0.28571,267.76,4.1817,675.0,1.2303
328,Triethyl amine,C6H15N,121-44-8,101.19,0.7035,0.27386,535.15,0.2872,158.45,8.2843,535.15,2.5688
329,Trimethyl amine,C3H9N,75-50-3,59.11026,1.0116,0.25683,433.25,0.2696,156.08,13.144,433.25,3.9388
330,"1,2,3-Trimethylbenzene",C9H12,526-73-8,120.19158,0.6531,0.27002,664.5,0.26268,243.15,7.7278,664.5,2.4187
331,"1,2,4-Trimethylbenzene",C9H12,95-63-6,120.19158,0.60394,0.25956,649.1,0.27713,229.33,7.689,649.1,2.3268
332,"2,2,4-Trimethylpentane",C8H18,540-84-1,114.22852,0.59059,0.27424,543.8,0.2847,165.78,6.9146,543.8,2.1536
333,"2,3,3-Trimethylpentane",C8H18,560-21-4,114.22852,0.6028,0.27446,573.5,0.2741,172.22,7.0934,573.5,2.1963
334,"1,3,5-Trinitrobenzene",C6H3N3O6,99-35-4,213.10452,0.48195,0.23093,846.0,0.28571,398.4,7.0825,846.0,2.087
335,"2,4,6-Trinitrotoluene",C7H5N3O6,118-96-7,227.1311,0.37378,0.21379,828.0,0.29905,354.0,6.4521,828.0,1.7484
336,Undecane,C11H24,1120-21-4,156.30826,0.36703,0.24876,639.0,0.28571,247.57,4.9453,639.0,1.4754
337,1-Undecanol,C11H24O,112-42-5,172.30766,0.33113,0.23676,703.9,0.2762,288.45,4.8594,703.9,1.3986
338,Vinyl acetate,C4H6O2,108-05-4,86.08924,0.9591,0.2593,519.13,0.27448,180.35,12.287,519.13,3.6988
339,Vinyl acetylene,C4H4,689-97-4,52.07456,1.2703,0.26041,454.0,0.297,173.15,15.664,454.0,4.8781
340,Vinyl chloride,C2H3Cl,75-01-4,62.49822,1.5115,0.2707,432.0,0.2716,119.36,18.481,432.0,5.5837
341,Vinyl trichlorosilane,C2H3Cl3Si,75-94-5,161.48972,0.59595,0.24314,543.15,0.24856,178.35,8.8236,543.15,2.4511
342,Water,H2O,7732-18-5,18.01528,-13.851,0.64038,-0.0019124,1.8211e-06,273.16,55.497,353.15,54.001
343,m-Xylene,C8H10,108-38-3,106.165,0.68902,0.26086,617.0,0.27479,225.3,8.648,617.0,2.6413
344,o-Xylene,C8H10,95-47-6,106.165,0.69962,0.26143,630.3,0.27365,247.98,8.6229,630.3,2.6761
345,p-Xylene,C8H10,106-42-3,106.165,0.67752,0.25887,616.2,0.27596,286.41,8.1614,616.2,2.6172
