compound,Name,Formula,CAS,MolWeight,C1,C2,C3,C4,Tmin,DHmin,Tmax,DHmax
1,Acetaldehyde,C2H4O,75-07-0,44.05256,3.40880e+07,0.043317,0.21502,0.23791,149.78,3.23240e+07,466.0,0.0
2,Acetamide,C2H5NO,60-35-5,59.0672,9.94750e+07,0.94835,0.51011,0.015094,353.15,6.36890e+07,761.0,0.0
3,Acetic acid,C2H4O2,64-19-7,60.052,6.12755e+07,3.683421,6.193052,2.977694,289.81,2.44660e+07,591.95,0.0
4,Acetic anhydride,C4H6O3,108-24-7,102.08864,5.85640e+07,0.33055,0.057073,0.083671,200.15,5.14960e+07,606.0,0.0
5,Acetone,C3H6O,67-64-1,58.07914,4.92580e+07,1.0809,1.3684,0.69723,178.45,3.66050e+07,508.2,0.0
6,Acetonitrile,C2H3N,75-05-8,41.0519,3.83450e+07,0.033941,0.34283,-0.13415,229.315,3.52490e+07,545.5,0.0
7,Acetylene,C2H2,74-86-2,26.03728,1.70590e+07,0.52025,1.0982,-0.29832,192.4,1.62620e+07,308.3,0.0
8,Acrolein,C3H4O,107-02-8,56.06326,6.65990e+07,2.2443,2.9192,1.1113,185.45,3.63950e+07,506.0,0.0
9,Acrylic acid,C3H4O2,79-10-7,72.06266,4.37560e+07,2.2571,4.5116,2.5738,286.15,2.79650e+07,615.0,0.0
10,Acrylonitrile,C3H3N,107-13-1,53.0626,4.30520e+07,0.095188,0.47381,-0.26294,189.63,3.89890e+07,540.0,0.0
11,Air,Mixture,132259-10-0,28.96,7.45870e+06,0.47571,0.71131,0.60517,59.15,6.32470e+06,132.45,0.0
12,Ammonia,H3N,7664-41-7,17.03052,3.15230e+07,0.3914,0.2289,0.2309,195.41,2.52980e+07,405.65,0.0
13,Anisole,C7H8O,100-66-3,108.13782,7.69260e+07,1.4255,1.6901,0.72371,235.65,5.10000e+07,645.6,0.0
14,Argon,Ar,7440-37-1,39.948,8.42150e+06,0.28333,0.033281,0.030551,83.78,6.54400e+06,150.86,0.0
15,Benzamide,C7H7NO,55-21-0,121.13658,8.78090e+07,0.1933,0.30877,-0.14162,403.0,7.12860e+07,824.0,0.0
16,Benzene,C6H6,71-43-2,78.11184,5.00070e+07,0.65393,0.27698,0.029569,278.68,3.49320e+07,562.05,0.0
17,Benzenethiol,C6H6S,108-98-5,110.17684,6.08162e+07,0.2724357,0.4430641,-0.3449689,258.27,5.06340e+07,689.0,0.0
18,Benzoic acid,C7H6O2,65-85-0,122.12134,1.13740e+08,1.4864,2.3097,1.4025,395.45,6.94850e+07,751.0,0.0
19,Benzonitrile,C7H5N,100-47-0,103.1213,6.49660e+07,0.54598,0.42255,0.2597,260.28,5.33600e+07,702.3,0.0
20,Benzophenone,C13H10O,119-61-9,182.2179,1.05230e+08,0.87091,0.45568,,321.35,7.48950e+07,830.0,0.0
21,Benzyl alcohol,C7H8O,100-51-6,108.13782,8.47620e+07,0.35251,0.43853,-0.3026,257.85,6.88000e+07,720.15,0.0
22,Benzyl ethyl ether,C9H12O,539-30-0,136.19098,8.20510e+07,1.4438,1.8053,0.79682,275.65,5.24700e+07,662.0,0.0
23,Benzyl mercaptan,C7H8S,100-53-8,124.20342,1.15440e+08,2.2311,2.5186,0.83063,243.95,6.26740e+07,718.0,0.0
24,Biphenyl,C12H10,92-52-4,154.2078,7.67370e+07,0.28923,0.34048,-0.26011,342.2,6.11280e+07,773.0,0.0
25,Bromine,Br2,7726-95-6,159.808,5.52420e+07,1.5015,1.7185,0.6614,265.85,3.28440e+07,584.15,0.0
26,Bromobenzene,C6H5Br,108-86-1,157.0079,5.03920e+07,0.2027,1.2207,-0.70705,242.43,4.71870e+07,670.15,0.0
27,Bromoethane,C2H5Br,74-96-4,108.965,3.92470e+07,0.28886,0.38616,-0.35786,154.25,3.42380e+07,503.8,0.0
28,Bromomethane,CH3Br,74-83-9,94.93852,3.19880e+07,0.2896,0.0344,0.0114,179.44,2.75620e+07,464.0,0.0
29,"1,2-Butadiene",C4H6,590-19-2,54.09044,3.03958e+07,0.2698591,0.3789853,0.5165115,136.95,2.82540e+07,452.0,0.0
30,"1,3-Butadiene",C4H6,106-99-0,54.09044,3.80180e+07,0.90446,0.74555,0.24234,164.25,2.76410e+07,425.0,0.0
31,Butane,C4H10,106-97-8,58.1222,3.62380e+07,0.8337,0.82274,0.39613,134.86,2.86840e+07,425.12,0.0
32,"1,2-Butanediol",C4H10O2,584-03-2,90.121,9.49430e+07,0.64824,0.24961,0.058188,220.0,7.58750e+07,680.0,0.0
33,"1,3-Butanediol",C4H10O2,107-88-0,90.121,1.13440e+08,1.4414,1.9412,1.035,196.15,8.14880e+07,676.0,0.0
34,1-Butanol,C4H10O,71-36-3,74.1216,7.12740e+07,0.0483,0.8966,-0.5116,183.85,6.36430e+07,563.1,0.0
35,2-Butanol,C4H10O,78-92-2,74.1216,7.50070e+07,0.09616,1.1444,-0.78448,158.45,6.59780e+07,535.9,0.0
36,1-Butene,C4H8,106-98-9,56.10632,3.37740e+07,0.5107,0.17304,0.05181,87.8,3.01970e+07,419.5,0.0
37,cis-2-Butene,C4H8,590-18-1,56.10632,4.34780e+07,1.3196,1.5096,0.63987,134.26,3.10310e+07,435.5,0.0
38,trans-2-Butene,C4H8,624-64-6,56.10632,3.86710e+07,1.0672,1.2574,0.62539,167.62,2.77200e+07,428.6,0.0
39,Butyl acetate,C6H12O2,123-86-4,116.15828,8.82620e+07,1.7772,1.926,0.63659,199.65,5.32550e+07,575.4,0.0
40,Butylbenzene,C10H14,104-51-8,134.21816,8.09110e+07,1.2599,1.2911,0.47381,185.3,5.94710e+07,660.5,0.0
41,Butyl mercaptan,C4H10S,109-79-5,90.1872,5.08830e+07,0.47166,0.0078998,-0.071247,157.46,4.37960e+07,570.1,0.0
42,sec-Butyl mercaptan,C4H10S,513-53-1,90.1872,4.75630e+07,0.49657,0.13123,0.027307,133.02,4.18430e+07,554.0,0.0
43,1-Butyne,C4H6,107-00-6,54.09044,4.31430e+07,1.0149,0.99196,0.40891,147.43,3.20490e+07,440.0,0.0
44,Butyraldehyde,C4H8O,123-72-8,72.10572,4.17000e+07,0.23488,0.020947,0.086255,176.8,3.77230e+07,537.2,0.0
45,Butyric acid,C4H8O2,107-92-6,88.1051,6.19470e+07,1.6524,2.8505,1.6285,250.0,4.16190e+07,615.7,0.0
46,Butyronitrile,C4H7N,109-74-0,69.1051,5.13230e+07,0.32362,0.16979,-0.18921,161.3,4.57590e+07,585.4,0.0
47,Carbon dioxide,CO2,124-38-9,44.0095,2.17300e+07,0.382,0.4339,0.42213,216.58,1.52020e+07,304.21,0.0
48,Carbon disulfide,CS2,75-15-0,76.1407,4.03590e+07,1.0897,-1.6483,0.9779,161.11,3.17860e+07,552.0,0
49,Carbon monoxide,CO,630-08-0,28.0101,8.58500e+06,0.4921,-0.326,0.2231,68.13,6.51660e+06,132.92,0
50,Carbon tetrachloride,CCl4,56-23-5,153.8227,4.61130e+07,0.55241,-0.18725,0.022973,250.33,3.47600e+07,556.35,0
51,Carbon tetrafluoride,CF4,75-73-0,88.0043,1.93110e+07,0.94983,-1.0615,0.51894,89.56,1.42150e+07,227.51,0
52,Chlorine,Cl2,7782-50-5,70.906,3.06800e+07,0.8458,-0.9001,0.453,172.12,2.28780e+07,417.15,0
53,Chlorobenzene,C6H5Cl,108-90-7,112.5569,4.67460e+07,0.013055,0.51777,-0.18852,227.95,4.32240e+07,632.35,0
54,Chloroethane,C2H5Cl,75-00-3,64.5141,3.25300e+07,0.321,-0.252,0.295,136.75,2.95540e+07,460.35,0
55,Chloroform,CHCl3,67-66-3,119.37764,5.30320e+07,1.0366,-0.79572,0.16746,209.63,3.65460e+07,536.4,0
56,Chloromethane,CH3Cl,74-87-3,50.4875,2.44200e+07,-0.298,0.87,-0.271,175.43,2.41470e+07,416.25,0
57,1-Chloropropane,C3H7Cl,540-54-5,78.54068,3.93706e+07,0.14297,0.55088,-0.3511,150.35,3.56930e+07,503.15,0
58,2-Chloropropane,C3H7Cl,75-29-6,78.54068,3.90330e+07,0.3867,0.008595,-0.016793,155.97,3.36320e+07,489.0,0
59,m-Cresol,C7H8O,108-39-4,108.13782,6.87000e+07,-0.39158,1.7208,-0.97478,285.39,6.37340e+07,705.85,0
60,o-Cresol,C7H8O,95-48-7,108.13782,1.33550e+08,2.3486,-2.5463,0.74218,304.19,6.06020e+07,697.55,0
61,p-Cresol,C7H8O,106-44-5,108.13782,8.09790e+07,-0.33815,2.3495,-1.7015,307.93,6.57120e+07,704.65,0
62,Cumene,C9H12,98-82-8,120.19158,7.52550e+07,1.3714,-1.5024,0.59731,177.14,5.41880e+07,631.0,0
63,Cyanogen,C2N2,460-19-5,52.0348,2.35580e+07,-0.29499,0.34496,0.24271,245.25,2.33890e+07,400.15,0
64,Cyclobutane,C4H8,287-23-0,56.10632,3.67620e+07,0.76666,-0.74793,0.35979,182.48,2.81720e+07,459.93,0
65,Cyclohexane,C6H12,110-82-7,84.15948,5.19300e+07,1.0019,-1.0159,0.46332,279.69,3.38860e+07,553.8,0
66,Cyclohexanol,C6H12O,108-93-0,100.15888,5.57610e+07,-1.7498,4.5168,-2.4034,296.6,6.25790e+07,650.1,0
67,Cyclohexanone,C6H10O,108-94-1,98.143,6.68980e+07,1.0012,-0.96028,0.37622,242.0,4.84470e+07,653.0,0
68,Cyclohexene,C6H10,110-83-8,82.1436,4.69800e+07,0.44894,0.070295,-0.14736,169.67,3.98460e+07,560.4,0
69,Cyclopentane,C5H10,287-92-3,70.1329,3.42160e+07,-0.21723,1.0245,-0.49752,179.28,3.30460e+07,511.7,0
70,Cyclopentene,C5H8,142-29-0,68.11702,3.65240e+07,0.17652,0.2777,-0.10817,138.13,3.37950e+07,507.0,0
71,Cyclopropane,C3H6,75-19-4,42.07974,2.76810e+07,0.44645,-0.28756,0.21791,145.59,2.33840e+07,398.0,0
72,Cyclohexyl mercaptan,C6H12S,1569-69-3,116.22448,6.77980e+07,1.1402,-1.1701,0.45855,189.64,5.10540e+07,664.0,0
73,Decanal,C10H20O,112-31-2,156.2652,9.08510e+07,1.3026,-1.6803,0.86441,285.0,6.02700e+07,674.0,0
74,Decane,C10H22,124-18-5,142.28168,8.75150e+07,1.3204,-1.2441,0.38061,243.51,5.60450e+07,617.7,0
75,Decanoic acid,C10H20O2,334-48-5,172.265,1.25310e+08,0.76281,-0.32459,0.054808,304.55,8.84640e+07,722.1,0
76,1-Decanol,C10H22O,112-30-1,158.28108,7.90410e+07,-1.36,4.0854,-2.3871,280.05,8.29590e+07,688.0,0
77,1-Decene,C10H20,872-05-9,140.2658,6.69850e+07,0.76944,-0.79975,0.42379,206.89,5.35240e+07,616.6,0
78,Decyl mercaptan,C10H22S,143-10-2,174.34668,8.41030e+07,0.40556,0.34553,-0.4009,247.56,6.81720e+07,696.0,0
79,1-Decyne,C10H18,764-93-2,138.24992,1.06030e+08,1.7758,-1.6849,0.38281,229.15,6.07920e+07,619.85,0
80,Deuterium,D2,7782-39-0,4.0316,1.18670e+06,-0.31087,0.28353,0.34543,18.73,1.26050e+06,38.35,0
81,"1,1-Dibromoethane",C2H4Br2,557-91-5,187.86116,4.70610e+07,0.098096,0.20134,0.22064,210.15,4.35520e+07,628.0,0
82,"1,2-Dibromoethane",C2H4Br2,106-93-4,187.86116,6.05722e+07,1.372193,-2.053024,1.161394,282.85,4.06410e+07,650.15,0
83,Dibromomethane,CH2Br2,74-95-3,173.83458,6.12070e+07,1.2282,-1.1989,0.40137,220.6,4.18700e+07,611.0,0
84,Dibutyl ether,C8H18O,142-96-1,130.22792,6.49780e+07,0.77464,-0.67379,0.31825,175.3,5.24340e+07,584.1,0
85,m-Dichlorobenzene,C6H4Cl2,541-73-1,147.00196,5.30650e+07,0.20288,0.039962,0.12466,248.39,4.77510e+07,683.95,0
86,o-Dichlorobenzene,C6H4Cl2,95-50-1,147.00196,6.43940e+07,0.67955,-0.58058,0.36746,256.15,5.09850e+07,705.0,0
87,p-Dichlorobenzene,C6H4Cl2,106-46-7,147.00196,7.04160e+07,0.96641,-0.86362,0.32976,326.14,4.68520e+07,684.75,0
88,"1,1-Dichloroethane",C2H4Cl2,75-34-3,98.95916,4.76310e+07,1.0048,-1.2457,0.67919,176.19,3.62860e+07,523.0,0
89,"1,2-Dichloroethane",C2H4Cl2,107-06-2,98.95916,5.64890e+07,1.0038,-0.7936,0.17013,237.49,3.84750e+07,561.6,0
90,Dichloromethane,CH2Cl2,75-09-2,84.93258,4.87390e+07,0.9583,-0.79374,0.28069,178.01,3.58500e+07,510.0,0
91,"1,1-Dichloropropane",C3H6Cl2,78-99-9,112.98574,5.64950e+07,1.0359,-0.98747,0.39006,192.5,4.13210e+07,560.0,0
92,"1,2-Dichloropropane",C3H6Cl2,78-87-5,112.98574,4.25930e+07,-0.0038971,0.58142,-0.23734,172.71,4.03570e+07,572.0,0
93,Diethanol amine,C4H11NO2,111-42-2,105.13564,1.29310e+08,1.2215,-1.3197,0.50585,301.15,8.64260e+07,736.6,0
94,Diethyl amine,C4H11N,109-89-7,73.13684,2.59592e+07,-1.334101,2.366723,-0.7871881,223.35,3.35400e+07,496.6,0
95,Diethyl ether,C4H10O,60-29-7,74.1216,5.94700e+07,1.6416,-1.7394,0.5831,156.85,3.75450e+07,466.7,0
96,Diethyl sulfide,C4H10S,352-93-2,90.1872,4.78060e+07,0.39507,-0.028657,0.014929,169.2,4.15460e+07,557.15,0
97,"1,1-Difluoroethane",C2H4F2,75-37-6,66.04997,3.66300e+07,0.93553,-0.9806,0.46753,154.560,2.67130e+07,386.440,0
98,"1,2-Difluoroethane",C2H4F2,624-72-6,66.04997,4.23130e+07,0.90591,-0.59583,0.074323,215.000,2.78200e+07,445.000,0
99,Difluoromethane,CH2F2,75-10-5,52.02339,3.39070e+07,1.1148,-1.2957,0.58214,136.950,2.40150e+07,351.255,0
100,Diisopropyl amine,C6H15N,108-18-9,101.19,2.82580e+07,-1.5731,2.9709,-1.1073,176.850,3.76470e+07,523.100,0
101,Diisopropyl ether,C6H14O,108-20-3,102.17476,4.63022e+07,1.265631,-2.325122,1.525306,187.650,3.47860e+07,500.050,0
102,Diisopropyl ketone,C7H14O,565-80-0,114.18546,5.24290e+07,0.80535,-1.4147,1.0288,204.810,4.33570e+07,576.000,0
103,"1,1-Dimethoxyethane",C4H10O2,534-15-6,90.121,4.38720e+07,0.56226,-0.60662,0.4202,159.950,3.75280e+07,507.800,0
104,"1,2-Dimethoxypropane",C5H12O2,7778-85-0,104.14758,4.79990e+07,0.30724,-0.024545,0.091361,226.100,4.05570e+07,543.000,0
105,Dimethyl acetylene,C4H6,503-17-3,54.09044,3.68810e+07,0.37958,-0.22063,0.21968,240.910,2.92830e+07,473.200,0
106,Dimethyl amine,C2H7N,124-40-3,45.08368,3.44220e+07,-0.49774,1.8024,-0.97741,180.960,3.29670e+07,437.200,0
107,"2,3-Dimethylbutane",C6H14,79-29-8,86.17536,4.80540e+07,1.0013,-1.0356,0.4668,145.190,3.72820e+07,500.000,0
108,"1,1-Dimethylcyclohexane",C8H16,590-66-9,112.21264,5.55030e+07,0.7692,-0.56915,0.2328,239.660,4.11250e+07,591.150,0
109,"cis-1,2-Dimethylcyclohexane",C8H16,2207-01-4,112.21264,5.44790e+07,0.56826,-0.29095,0.15397,223.160,4.36640e+07,606.150,0
110,"trans-1,2-Dimethylcyclohexane",C8H16,6876-23-9,112.21264,5.87020e+07,1.0022,-1.0188,0.46949,184.990,4.47370e+07,596.150,0
111,Dimethyl disulfide,C2H6S2,624-92-0,94.19904,5.83280e+07,0.99061,-0.9035,0.34792,188.440,4.43890e+07,615.000,0
112,Dimethyl ether,C2H6O,115-10-6,46.06844,2.63770e+07,-0.072806,0.54324,-0.13977,131.650,2.54380e+07,400.100,0
113,"N,N-Dimethyl formamide",C3H7NO,68-12-2,73.09378,5.91860e+07,0.37731,0.0051489,-0.0027682,212.720,5.09300e+07,649.600,0
114,"2,3-Dimethylpentane",C7H16,565-59-3,100.20194,5.33870e+07,0.9509,-0.97007,0.44354,160.000,4.16640e+07,537.300,0
115,Dimethyl phthalate,C10H10O4,131-11-3,194.184,1.02630e+08,1.504,-2.441,1.388,274.180,7.17430e+07,766.000,0
116,Dimethylsilane,C2H8Si,1111-74-6,60.17042,2.91900e+07,0.47315,-0.19035,0.078322,122.930,2.50210e+07,402.000,0
117,Dimethyl sulfide,C2H6S,75-18-3,62.134,4.54930e+07,0.81834,-0.47199,0.047802,174.880,3.43160e+07,503.040,0
118,Dimethyl sulfoxide,C2H6OS,67-68-5,78.13344,7.01610e+07,0.9938,-1.4767,0.97462,291.670,5.27280e+07,729.000,0
119,Dimethyl terephthalate,C10H10O4,120-61-6,194.184,7.66109e+07,0.36322,-0.28551,0.23966,413.786,6.19680e+07,777.400,0
120,"1,4-Dioxane",C4H8O2,123-91-1,88.10512,5.03680e+07,0.37438,-0.0004344,0.0050378,284.950,3.92500e+07,587.000,0
121,Diphenyl ether,C12H10O,101-84-8,170.2072,6.97450e+07,0.43414,-0.26069,0.15024,300.030,5.84730e+07,766.800,0
122,Dipropyl amine,C6H15N,142-84-7,101.19,7.99322e+07,1.697066,-1.895364,0.6664379,210.150,4.77500e+07,550.000,0
123,Dodecane,C12H26,112-40-3,170.33484,1.09620e+08,1.5544,-1.5358,0.46286,263.570,6.52590e+07,658.000,0
124,Eicosane,C20H42,112-95-8,282.54748,1.28600e+08,0.50351,0.32986,-0.42184,309.580,9.59330e+07,768.000,0
125,Ethane,C2H6,74-84-0,30.069,2.10910e+07,0.60646,-0.55492,0.32799,90.350,1.78790e+07,305.320,0
126,Ethanol,C2H6O,64-17-5,46.06844,6.58310e+07,1.1905,-1.7666,1.0012,159.050,5.00600e+07,514.000,0
127,Ethyl acetate,C4H8O2,141-78-6,88.10512,4.82720e+07,0.2372,0.32434,-0.19429,189.600,4.16260e+07,523.300,0
128,Ethyl amine,C2H7N,75-04-7,45.08368,4.27500e+07,0.5857,-0.332,0.169,192.150,3.29550e+07,456.150,0
129,Ethylbenzene,C8H10,100-41-4,106.165,7.42880e+07,1.6218,-2.0278,0.906,178.200,5.08620e+07,617.150,0
130,Ethyl benzoate,C9H10O2,93-89-0,150.1745,6.82450e+07,1.071,-1.943,1.2788,238.450,5.40830e+07,698.000,0
131,2-Ethyl butanoic acid,C6H12O2,88-09-5,116.15828,8.72120e+07,0.79255,-0.64882,0.28369,258.150,6.51870e+07,655.000,0
132,Ethyl butyrate,C6H12O2,105-54-4,116.15828,5.76240e+07,0.46881,-0.14511,0.061942,175.150,4.92230e+07,571.000,0
133,Ethylcyclohexane,C8H16,1678-91-7,112.21264,6.09330e+07,0.96339,-0.94933,0.44931,161.840,4.84420e+07,609.150,0
134,Ethylcyclopentane,C7H14,1640-89-7,98.18606,5.79970e+07,1.0161,-0.92313,0.33212,134.710,4.65290e+07,569.500,0
135,Ethylene,C2H4,74-85-1,28.05316,2.06390e+07,0.80153,-0.8128,0.4179,104.000,1.59660e+07,282.340,0
136,Ethylenediamine,C2H8N2,107-15-3,60.09832,5.60910e+07,0.077011,0.66595,-0.43437,284.290,4.62220e+07,593.000,0
137,Ethylene glycol,C2H6O2,107-21-1,62.06784,8.92070e+07,0.83021,-0.88126,0.53255,260.150,6.87400e+07,720.000,0
138,Ethyleneimine,C2H5N,151-56-4,43.0678,4.74620e+07,0.37327,0.047488,0.045906,195.200,3.96760e+07,537.000,0
139,Ethylene oxide,C2H4O,75-21-8,44.05256,4.45140e+07,1.1569,-1.2336,0.50875,160.650,3.19090e+07,469.150,0
140,Ethyl formate,C3H6O2,109-94-4,74.07854,4.41510e+07,0.51536,-0.39281,0.28461,193.550,3.63270e+07,508.400,0
141,2-Ethyl hexanoic acid,C8H16O2,149-57-5,144.211,1.10884e+08,0.7029,-0.10529,-0.17295,155.150,9.30840e+07,674.600,0
142,Ethylhexyl ether,C8H18O,5756-43-4,130.22792,6.68280e+07,0.6664,-0.4545,0.20227,180.000,5.46390e+07,583.000,0
143,Ethylisopropyl ether,C5H12O,625-54-7,88.14818,4.25270e+07,0.42014,-0.17341,0.14204,140.0,3.73840e+07,489.0,0
144,Ethylisopropyl ketone,C6H12O,565-69-5,100.15888,5.67350e+07,0.85864,-1.1249,0.69714,204.15,4.45040e+07,567.0,0
145,Ethyl mercaptan,C2H6S,75-08-1,62.13404,4.29200e+07,0.93726,-1.0593,0.54636,125.26,3.50010e+07,499.15,0
146,Ethyl propionate,C5H10O2,105-37-3,102.1317,5.03300e+07,-0.023028,0.84791,-0.44199,199.25,4.53900e+07,546.0,0
147,Ethylpropyl ether,C5H12O,628-32-0,88.14818,5.43800e+07,0.60624,,,145.65,4.41400e+07,500.23,0
148,Ethyltrichlorosilane,C2H5Cl3Si,115-21-9,163.506,5.01240e+07,0.48381,-0.1946,0.12282,167.55,4.29170e+07,559.95,0
149,Fluorine,F2,7782-41-4,37.9968064,8.91070e+06,0.48888,-0.44035,0.31792,53.48,7.50830e+06,144.12,0
150,Fluorobenzene,C6H5F,462-06-6,96.1023032,3.75170e+07,-0.33542,1.0497,-0.40021,230.94,3.69360e+07,560.09,0
151,Fluoroethane,C2H5F,353-36-6,48.0595,2.47490e+07,0.18492,-0.21197,0.36038,129.95,2.31740e+07,375.31,0
152,Fluoromethane,CH3F,593-53-3,34.03292,1.93020e+07,-0.2029,0.65339,-0.16704,131.35,1.89050e+07,317.42,0
153,Formaldehyde,CH2O,50-00-0,30.02598,2.95750e+07,0.098296,0.28373,,155.15,2.69310e+07,420.0,0
154,Formamide,CH3NO,75-12-7,45.04062,5.83070e+07,-0.62844,1.6751,-0.77554,275.7,6.17220e+07,771.0,0
155,Formic acid,CH2O2,64-18-6,46.0257,2.31950e+07,1.9091,-5.0003,3.2641,250.0,1.88650e+07,588.0,0
156,Furan,C4H4O,110-00-9,68.07396,4.43880e+07,0.82914,-0.72757,0.33552,196.29,3.27960e+07,490.15,0
157,Helium-4,He,7440-59-7,4.0026,1.25040e+05,1.3038,-2.6954,1.7098,2.2,9.66000e+04,5.2,0
158,Heptadecane,C17H36,629-78-7,240.46774,1.59700e+08,1.977,-2.2318,0.78544,295.13,8.59730e+07,736.0,0
159,Heptanal,C7H14O,111-71-7,114.18546,4.71350e+07,-0.27964,0.89761,-0.33523,229.8,4.69820e+07,620.0,0
160,Heptane,C7H16,142-82-5,100.20194,5.25160e+07,0.51283,-0.10982,-0.01018,182.57,4.31810e+07,540.2,0
161,Heptanoic acid,C7H14O2,111-14-8,130.185,1.29160e+08,1.4923,-1.3795,0.39603,265.83,7.80040e+07,677.3,0
162,1-Heptanol,C7H16O,111-70-6,116.20134,7.02360e+07,-1.3652,3.987,-2.2545,239.15,7.64980e+07,632.3,0
163,2-Heptanol,C7H16O,543-49-7,116.20134,1.11190e+08,1.3264,-1.1057,0.36023,220.0,7.18220e+07,608.3,0
164,3-Heptanone,C7H14O,106-35-4,114.18546,6.06700e+07,0.18619,0.47762,-0.26967,234.15,5.16400e+07,606.6,0
165,2-Heptanone,C7H14O,110-43-0,114.18546,6.28570e+07,0.3899,0.17742,-0.19455,238.15,5.08510e+07,611.4,0
166,1-Heptene,C7H14,592-76-7,98.18606,4.94370e+07,0.35428,0.22149,-0.2353,154.12,4.32080e+07,537.4,0
167,Heptyl mercaptan,C7H16S,1639-09-4,132.26694,6.70110e+07,0.38694,0.24973,-0.26228,229.92,5.51330e+07,645.0,0
168,1-Heptyne,C7H12,628-71-7,96.17018,4.82350e+07,0.35765,-0.060379,0.045749,192.22,4.15950e+07,547.0,0
169,Hexadecane,C16H34,544-76-3,226.44116,1.49790e+08,1.89,-2.0762,0.71724,291.31,8.19340e+07,723.0,0
170,Hexanal,C6H12O,66-25-1,100.15888,5.38020e+07,0.52771,-0.4757,0.3242,214.93,4.49940e+07,594.0,0
171,Hexane,C6H14,110-54-3,86.17536,4.38480e+07,0.34057,0.063282,-0.017037,177.83,3.75320e+07,507.6,0
172,Hexanoic acid,C6H12O2,142-62-1,116.158,9.07460e+07,0.8926,-0.75172,0.34378,269.25,6.47830e+07,660.2,0
173,1-Hexanol,C6H14O,111-27-3,102.17476,7.03500e+07,-0.9575,3.1431,-1.8066,228.55,7.15090e+07,611.3,0
174,2-Hexanol,C6H14O,626-93-7,102.175,9.59100e+07,1.236,-1.359,0.717,223.0,6.46500e+07,585.3,0
175,2-Hexanone,C6H12O,591-78-6,100.15888,5.53820e+07,0.19854,0.47139,-0.31556,217.35,4.75590e+07,587.61,0
176,3-Hexanone,C6H12O,589-38-8,100.15888,5.82130e+07,0.44196,0.090968,-0.15346,217.5,4.70770e+07,582.82,0
177,1-Hexene,C6H12,592-41-6,84.15948,4.24994e+07,0.52336,-0.57323,0.45101,133.39,3.75440e+07,504.0,0
178,3-Hexyne,C6H10,928-49-4,82.1436,4.28205e+07,0.5862582,-0.9710554,0.8523437,170.05,3.73310e+07,544.0,0
179,Hexyl mercaptan,C6H14S,111-31-9,118.24036,5.93460e+07,0.41114,0.043753,-0.081964,192.62,5.08670e+07,623.0,0
180,1-Hexyne,C6H10,693-02-7,82.1436,6.88560e+07,1.9737,-2.4886,0.99472,141.25,4.44750e+07,516.2,0
181,2-Hexyne,C6H10,764-35-2,82.1436,6.06290e+07,1.1597,-0.99686,0.32547,183.65,4.26690e+07,549.0,0
182,Hydrazine,H4N2,302-01-2,32.04516,5.97940e+07,0.9424,-1.398,0.8862,274.69,4.52380e+07,653.15,0
183,Hydrogen,H2,1333-74-0,2.01588,1.01270e+06,0.698,-1.817,1.447,13.95,9.13100e+05,33.19,0
184,Hydrogen bromide,BrH,10035-10-6,80.91194,1.55130e+07,-0.80615,1.1788,-0.070978,185.15,1.81940e+07,363.15,0
185,Hydrogen chloride,ClH,7647-01-0,36.46094,3.48720e+07,2.1553,-2.9128,1.2442,158.97,1.74720e+07,324.65,0
186,Hydrogen cyanide,CHN,74-90-8,27.02534,3.39070e+07,0.43574,-0.56984,0.36017,259.83,2.79840e+07,456.65,0
187,Hydrogen fluoride,FH,7664-39-3,20.0063432,1.34510e+08,13.36,–23.383,10.785,277.56,7.10430e+06,461.15,0
188,Hydrogen sulfide,H2S,7783-06-4,34.08088,2.60920e+07,0.47883,-0.2233,0.12903,187.68,1.97460e+07,373.53,0
189,Isobutyric acid,C4H8O2,79-31-2,88.10512,4.03850e+07,0.82698,-2.033,1.4769,227.15,3.55340e+07,605.0,0
190,Isopropyl amine,C3H9N,75-31-0,59.11026,5.69170e+07,1.2441,-1.0742,0.32331,177.95,3.74360e+07,471.85,0
191,Malonic acid,C3H4O4,141-82-2,104.06146,7.71430e+07,-1.0139,2.2898,-0.91517,409.15,8.31300e+07,834.0,0
192,Methacrylic acid,C4H6O2,79-41-4,86.08924,1.76786e+09,16.29674,–28.8053,14.522,288.150,4.28480e+07,662.000,0
193,Methane,CH4,74-82-8,16.0425,1.01940e+07,0.26087,-0.14694,0.22154,90.690,8.72350e+06,190.564,0
194,Methanol,CH4O,67-56-1,32.04186,3.26150e+07,-1.0407,1.8695,-0.60801,175.470,3.97480e+07,512.500,0
195,N-Methyl acetamide,C3H7NO,79-16-3,73.09378,6.87950e+07,0.012343,0.77544,-0.4379,301.150,5.97080e+07,718.000,0
196,Methyl acetate,C3H6O2,79-20-9,74.07854,4.32900e+07,0.18771,0.33528,-0.17125,175.150,3.83890e+07,506.550,0
197,Methyl acetylene,C3H4,74-99-7,40.06386,3.00660e+07,0.25873,0.033435,0.087053,170.450,2.56480e+07,402.400,0
198,Methyl acrylate,C4H6O2,96-33-3,86.08924,6.26890e+07,1.6462,-2.2795,1.0975,196.320,4.04870e+07,536.000,0
199,Methyl amine,CH5N,74-89-5,31.0571,4.28340e+07,0.90615,-0.93138,0.4776,179.690,3.09550e+07,430.050,0
200,Methyl benzoate,C8H8O2,93-58-3,136.14792,5.84740e+07,-0.6042,2.1528,-1.2871,260.750,5.78260e+07,693.000,0
201,"3-Methyl-1,2-butadiene",C5H8,598-25-4,68.11702,4.27090e+07,0.70788,-0.67299,0.43009,159.530,3.46030e+07,490.000,0
202,2-Methylbutane,C5H12,78-78-4,72.14878,4.23300e+07,0.95448,-0.98289,0.45719,113.250,3.43450e+07,460.400,0
203,2-Methylbutanoic acid,C5H10O2,116-53-0,102.1317,8.22300e+07,0.80923,-0.70838,0.32497,193.000,6.57690e+07,643.000,0
204,3-Methyl-1-butanol,C5H12O,123-51-3,88.1482,1.01650e+08,1.4422,-1.6123,0.75941,155.950,7.27510e+07,577.200,0
205,2-Methyl-1-butene,C5H10,563-46-2,70.1329,4.52170e+07,1.0678,-1.1735,0.55525,135.580,3.46420e+07,465.000,0
206,2-Methyl-2-butene,C5H10,513-35-9,70.1329,4.89700e+07,1.1838,-1.2079,0.43353,139.390,3.61390e+07,470.000,0
207,2-Methyl -1-butene-3-yne,C5H6,78-80-8,66.10114,4.58220e+07,1.3506,-1.6049,0.71575,160.150,3.20970e+07,492.000,0
208,Methylbutyl ether,C5H12O,628-28-4,88.14818,4.49180e+07,0.32576,0.1124,-0.067377,157.480,3.94480e+07,512.740,0
209,Methylbutyl sulfide,C5H12S,628-29-5,104.214,6.88720e+07,1.2703,-1.2699,0.44562,175.300,4.96500e+07,593.000,0
210,3-Methyl-1-butyne,C5H8,598-23-2,68.11702,3.18210e+07,-0.89979,2.8579,-1.7826,183.450,3.25930e+07,463.200,0
211,Methyl butyrate,C5H10O2,623-42-7,102.1317,5.12990e+07,0.10033,0.64085,-0.38359,187.350,4.58370e+07,554.500,0
212,Methylchlorosilane,CH5ClSi,993-00-0,80.5889,4.46960e+07,1.1838,-0.87047,0.056694,139.050,3.16280e+07,442.000,0
213,Methylcyclohexane,C7H14,108-87-2,98.18606,5.37890e+07,0.71218,-0.28902,-0.014989,146.580,4.45440e+07,572.100,0
214,1-Methylcyclohexanol,C7H14O,590-67-0,114.18546,7.75730e+07,0.56959,0.7221,-0.86278,299.150,5.13430e+07,686.000,0
215,cis-2-Methylcyclohexanol,C7H14O,7443-70-1,114.18546,9.44040e+07,0.8722,-0.33173,-0.10938,280.150,6.16980e+07,614.000,0
216,trans-2-Methylcyclohexanol,C7H14O,7443-52-9,114.18546,9.46250e+07,0.88768,-0.39167,-0.057899,269.150,6.31440e+07,617.000,0
217,Methylcyclopentane,C6H12,96-37-7,84.15948,5.11370e+07,0.98237,-0.90553,0.34878,130.730,4.10400e+07,532.700,0
218,1-Methylcyclopentene,C6H10,693-89-0,82.1436,4.26030e+07,0.34248,-0.088074,0.13072,146.620,3.84130e+07,542.000,0
219,3-Methylcyclopentene,C6H10,1120-62-3,82.1436,4.20810e+07,0.43515,-0.24963,0.20811,168.540,3.63850e+07,526.000,0
220,Methyldichlorosilane,CH4Cl2Si,75-54-7,115.03396,4.82420e+07,1.3456,-1.5783,0.61746,182.550,3.24190e+07,483.000,0
221,Methylethyl ether,C3H8O,540-67-0,60.09502,3.75920e+07,0.64544,-0.46384,0.21809,160.000,2.98760e+07,437.800,0
222,Methylethyl ketone,C4H8O,78-93-3,72.10572,5.22560e+07,0.9427,-1.0868,0.55491,186.480,3.98780e+07,535.500,0
223,Methylethyl sulfide,C3H8S,624-89-5,76.1606,4.94550e+07,0.78235,-0.56637,0.22052,167.230,3.90650e+07,533.000,0
224,Methyl formate,C2H4O2,107-31-3,60.05196,4.76910e+07,0.98928,-0.98574,0.42695,174.150,3.51240e+07,487.200,0
225,Methylisobutyl ether,C5H12O,625-44-5,88.14818,4.26600e+07,0.37791,0.0037827,-0.001928,188.000,3.56270e+07,497.000,0
226,Methylisobutyl ketone,C6H12O,108-10-1,100.15888,8.14950e+07,1.8479,-2.1328,0.76628,189.150,4.98940e+07,574.600,0
227,Methyl Isocyanate,C2H3NO,624-83-9,57.05132,3.25750e+07,-0.58542,1.4307,-0.54833,256.150,3.22260e+07,488.000,0
228,Methylisopropyl ether,C4H10O,598-53-8,74.1216,3.81480e+07,0.38959,-0.15805,0.15228,127.930,3.39970e+07,464.480,0
229,Methylisopropyl ketone,C5H10O,563-80-4,86.1323,2.75670e+07,-1.6298,3.0001,-1.1865,180.150,3.74640e+07,553.400,0
230,Methylisopropyl sulfide,C4H10S,1551-21-9,90.1872,4.00630e+07,-0.17489,0.94886,-0.44746,171.640,3.89410e+07,553.100,0
231,Methyl mercaptan,CH4S,74-93-1,48.10746,3.08510e+07,-0.29985,1.4733,-0.89559,150.180,2.99210e+07,469.950,0
232,Methyl methacrylate,C5H8O2,80-62-6,100.11582,5.66130e+07,0.3132,0.57076,-0.46309,224.950,4.46890e+07,566.000,0
233,2-Methyloctanoic acid,C9H18O2,3004-93-1,158.23802,1.05300e+08,0.7454,-0.39297,0.047214,240.000,8.11060e+07,694.000,0
234,2-Methylpentane,C6H14,107-83-5,86.17536,5.03510e+07,1.1424,-1.3269,0.62481,119.550,3.97590e+07,497.700,0
235,Methyl pentyl ether,C6H14O,628-80-8,102.17476,5.00030e+07,0.42203,-0.14687,0.11507,176.000,4.30250e+07,546.490,0
236,2-Methylpropane,C4H10,75-28-5,58.1222,3.96540e+07,1.274,-1.4255,0.60708,113.540,2.93300e+07,407.800,0
237,2-Methyl-2-propanol,C4H10O,75-65-0,74.1216,2.27080e+07,-3.8183,6.7137,-2.7247,298.970,4.65420e+07,506.200,0
238,2-Methyl propene,C4H8,115-11-7,56.10632,4.31720e+07,1.5334,-1.9,0.83816,132.81,2.92920e+07,417.9,0
239,Methyl propionate,C4H8O2,554-12-1,88.10512,4.95630e+07,0.22568,0.45949,-0.31541,185.65,4.26690e+07,530.6,0
240,Methylpropyl ether,C4H10O,557-17-5,74.1216,4.23640e+07,0.25325,0.58114,-0.4757,133.97,3.73780e+07,476.25,0
241,Methylpropyl sulfide,C4H10S,3877-15-4,90.1872,5.70150e+07,1.0015,-0.95589,0.38421,160.17,4.42340e+07,565.0,0
242,Methylsilane,CH6Si,992-94-9,46.14384,2.06130e+07,0.33885,-0.63279,0.6454,116.34,1.90240e+07,352.5,0
243,alpha-Methyl styrene,C9H10,98-83-9,118.1757,5.32930e+07,0.15144,0.15411,0.066538,249.95,4.79340e+07,654.0,0
244,Methyl tert-butyl ether,C5H12O,1634-04-4,88.1482,4.00520e+07,0.19309,0.20658,-0.010244,164.55,3.60720e+07,497.1,0
245,Methyl vinyl ether,C3H6O,107-25-5,58.07914,3.25660e+07,0.10042,0.26926,-0.0003252,151.15,2.99980e+07,437.0,0
246,Naphthalene,C10H8,91-20-3,128.17052,5.09300e+07,-0.44584,1.0348,-0.19528,353.43,5.09530e+07,748.4,0
247,Neon,Ne,7440-01-9,20.1797,1.90630e+06,-0.048268,0.11183,0.25512,24.56,1.77060e+06,44.4,0
248,Nitroethane,C2H5NO2,79-24-3,75.0666,3.88210e+07,-1.2495,3.2285,-1.8283,183.63,4.54440e+07,593.0,0
249,Nitrogen,N2,7727-37-9,28.0134,7.49050e+06,0.40406,-0.317,0.27343,63.15,6.02430e+06,126.2,0
250,Nitrogen trifluoride,F3N,7783-54-2,71.00191,1.88590e+07,1.0917,-1.4143,0.76165,66.46,1.46720e+07,234.0,0
251,Nitromethane,CH3NO2,75-52-5,61.04002,4.74940e+07,0.1535,0.49623,-0.38464,244.6,4.05640e+07,588.15,0
252,Nitrous oxide,N2O,10024-97-2,44.0128,2.27240e+07,0.22278,0.29352,-0.13493,182.3,1.66660e+07,309.57,0
253,Nitric oxide,NO,10102-43-9,30.0061,9.42870e+06,-2.0627,3.2659,-1.0186,109.5,1.44210e+07,180.15,0
254,Nonadecane,C19H40,629-92-5,268.5209,1.71610e+08,1.7444,-1.6657,0.43242,305.04,9.52160e+07,758.0,0
255,Nonanal,C9H18O,124-19-6,142.23862,4.51730e+07,-1.1627,2.3227,-0.89716,267.3,5.47060e+07,658.5,0
256,Nonane,C9H20,111-84-2,128.2551,7.88800e+07,1.3126,-1.3571,0.5034,219.66,5.25710e+07,594.6,0
257,Nonanoic acid,C9H18O2,112-05-0,158.238,1.21260e+08,0.82704,-0.42449,0.08636,285.55,8.59240e+07,710.7,0
258,1-Nonanol,C9H20O,143-08-8,144.2545,7.54290e+07,-1.5966,4.6489,-2.7229,268.15,8.24110e+07,670.9,0
259,2-Nonanol,C9H20O,628-99-9,144.255,1.42510e+08,1.418,-0.53849,-0.33162,238.15,8.32860e+07,649.5,0
260,1-Nonene,C9H18,124-11-8,126.23922,5.90540e+07,0.61039,-0.54533,0.30683,191.91,4.92180e+07,593.1,0
261,Nonyl mercaptan,C9H20S,1455-21-6,160.3201,6.67160e+07,-0.70869,2.636,-1.6685,253.05,6.54750e+07,681.0,0
262,1-Nonyne,C9H16,3452-09-3,124.22334,8.74050e+07,1.5599,-1.7205,0.64325,223.15,5.46000e+07,598.05,0
263,Octadecane,C18H38,593-45-3,254.49432,1.72640e+08,2.167,-2.6262,1.0161,301.31,8.94580e+07,747.0,0
264,Octanal,C8H16O,124-13-0,128.212,5.77460e+07,0.16524,0.095968,0.10146,251.65,5.17550e+07,638.9,0
265,Octane,C8H18,111-65-9,114.22852,6.71380e+07,1.0769,-1.0124,0.37075,216.38,4.69860e+07,568.7,0
266,Octanoic acid,C8H16O2,124-07-2,144.211,1.26260e+08,1.1753,-0.835,0.1489,289.65,7.96680e+07,694.26,0
267,1-Octanol,C8H18O,111-87-5,130.22792,7.24680e+07,-1.2464,3.6797,-2.0665,257.65,7.67930e+07,652.3,0
268,2-Octanol,C8H18O,123-96-6,130.228,1.25810e+08,1.3269,-0.69134,-0.08027,241.55,7.57060e+07,629.8,0
269,2-Octanone,C8H16O,111-13-7,128.21204,1.10480e+08,2.5722,-3.7155,1.7307,252.85,5.50930e+07,632.7,0
270,3-Octanone,C8H16O,106-68-3,128.21204,6.61420e+07,0.58562,-0.40512,0.22144,255.55,5.20760e+07,627.7,0
271,1-Octene,C8H16,111-66-0,112.21264,5.48590e+07,0.26207,0.50642,-0.43873,171.45,4.79270e+07,566.9,0
272,Octyl mercaptan,C8H18S,111-88-6,146.29352,7.36180e+07,0.63204,-0.29459,0.063444,223.95,5.90250e+07,667.3,0
273,1-Octyne,C8H14,629-05-0,110.19676,5.36700e+07,0.31607,0.073613,-0.040895,193.55,4.67380e+07,574.0,0
274,Oxalic acid,C2H2O4,144-62-7,90.03488,7.72360e+07,-0.55914,1.8363,-0.85806,462.65,6.56310e+07,828.0,0
275,Oxygen,O2,7782-44-7,31.9988,9.00800e+06,0.4542,-0.4096,0.3183,54.36,7.74190e+06,154.58,0
276,Ozone,O3,10028-15-6,47.9982,1.72890e+07,0.12106,0.088716,0.10749,80.15,1.63130e+07,261.0,0
277,Pentadecane,C15H32,629-62-9,212.41458,1.00520e+08,0.37778,0.50709,-0.46599,283.07,7.76350e+07,708.0,0
278,Pentanal,C5H10O,110-62-3,86.1323,5.23730e+07,1.0132,-1.6348,1.0473,191.59,4.12150e+07,566.1,0
279,Pentane,C5H12,109-66-0,72.14878,4.50870e+07,0.95886,-0.92384,0.39393,143.42,3.47660e+07,469.7,0
280,Pentanoic acid,C5H10O2,109-52-4,102.132,7.31970e+07,1.2093,-1.9114,1.1591,239.15,5.38130e+07,639.16,0
281,1-Pentanol,C5H12O,71-41-0,88.1482,7.39000e+07,-0.1464,1.4751,-0.9208,195.56,6.70050e+07,588.1,0
282,2-Pentanol,C5H12O,6032-29-7,88.1482,8.87030e+07,0.90566,-0.67627,0.3485,200.0,6.48970e+07,561.0,0
283,2-Pentanone,C5H10O,107-87-9,86.1323,5.38180e+07,0.35111,0.40264,-0.42577,196.29,4.45330e+07,561.08,0
284,3-Pentanone,C5H10O,96-22-0,86.1323,4.45100e+07,-0.5483,2.1051,-1.3486,234.18,4.22720e+07,560.95,0
285,1-Pentene,C5H10,109-67-1,70.1329,3.50270e+07,0.3481,-0.19672,0.22394,108.016,3.22320e+07,464.8,0
286,2-Pentyl mercaptan,C5H12S,2084-19-7,104.21378,5.05730e+07,0.45827,-0.22568,0.16393,160.75,4.43430e+07,584.3,0
287,Pentyl mercaptan,C5H12S,110-66-7,104.21378,5.49250e+07,0.38608,0.12415,-0.13245,197.450,4.65540e+07,598.000,0
288,1-Pentyne,C5H8,627-19-0,68.11702,5.13460e+07,1.3829,-1.6264,0.67069,167.450,3.49690e+07,481.200,0
289,2-Pentyne,C5H8,627-21-4,68.11702,5.48390e+07,0.98943,-0.46159,-0.064298,163.830,3.99170e+07,519.000,0
290,Phenanthrene,C14H10,85-01-8,178.2292,1.03360e+08,1.0678,-1.0693,0.39121,372.380,7.05940e+07,869.000,0
291,Phenol,C6H6O,108-95-2,94.11124,6.28300e+07,-0.64878,2.4219,-1.4972,314.060,5.77350e+07,694.250,0
292,Phenyl isocyanate,C7H5NO,103-71-9,119.1207,7.30790e+07,1.3522,-1.6409,0.66839,243.150,4.95580e+07,653.000,0
293,Phthalic anhydride,C8H4O3,85-44-9,148.11556,1.84610e+08,3.6123,-5.1111,1.9668,404.150,6.24970e+07,791.000,0
294,Propadiene,C3H4,463-49-0,40.06386,2.80920e+07,0.30398,0.017572,0.10232,136.870,2.44810e+07,394.000,0
295,Propane,C3H8,74-98-6,44.09562,2.92090e+07,0.78237,-0.77319,0.39246,85.470,2.47870e+07,369.830,0
296,1-Propanol,C3H8O,71-23-8,60.09502,6.89880e+07,0.6458,-0.5384,0.3317,146.950,5.83560e+07,536.800,0
297,2-Propanol,C3H8O,67-63-0,60.095,8.50200e+07,1.474,-1.878,0.933,185.258,5.61950e+07,508.300,0
298,Propenylcyclohexene,C9H14,13511-13-2,122.20746,5.90680e+07,0.44605,-0.18075,0.13426,199.000,5.07850e+07,636.000,0
299,Propionaldehyde,C3H6O,123-38-6,58.07914,3.36110e+07,-0.27575,0.66467,,165.000,3.43940e+07,503.600,0
300,Propionic acid,C3H6O2,79-09-4,74.0785,4.00000e+07,1.3936,-2.9465,1.794,252.450,3.09220e+07,600.810,0
301,Propionitrile,C3H5N,107-12-0,55.0785,4.62420e+07,0.12029,0.62187,-0.48327,180.370,4.16430e+07,561.300,0
302,Propyl acetate,C5H10O2,109-60-4,102.1317,6.47450e+07,0.93113,-0.65971,0.17587,178.150,4.85340e+07,549.730,0
303,Propyl amine,C3H9N,107-10-8,59.11026,3.40540e+07,-0.29885,0.72173,-0.080173,188.360,3.46570e+07,496.950,0
304,Propylbenzene,C9H12,103-65-1,120.19158,7.29860e+07,1.2428,-1.361,0.56435,173.550,5.46050e+07,638.350,0
305,Propylene,C3H6,115-07-1,42.07974,2.52160e+07,0.33721,-0.18399,0.22377,87.890,2.31770e+07,364.850,0
306,Propyl formate,C4H8O2,110-74-7,88.10512,5.76310e+07,0.70122,-0.15754,-0.11477,180.250,4.44670e+07,538.000,0
307,2-Propyl mercaptan,C3H8S,75-33-2,76.16062,4.20770e+07,0.33823,0.2503,-0.21085,142.610,3.70860e+07,517.000,0
308,Propyl mercaptan,C3H8S,107-03-9,76.16062,4.45420e+07,0.31385,0.30517,-0.24568,159.950,3.88960e+07,536.600,0
309,"1,2-Propylene glycol",C3H8O2,57-55-6,76.09442,7.09781e+07,-0.5348227,1.770112,-0.9904166,213.150,7.23780e+07,626.000,0
310,Quinone,C6H4O2,106-51-4,108.09476,6.23740e+07,0.73316,-1.3874,1.0391,388.850,4.92650e+07,683.000,0
311,Silicon tetrafluoride,F4Si,7783-61-1,104.07911,2.36370e+07,0.32997,0.055931,-0.011041,186.350,1.48720e+07,259.000,0
312,Styrene,C8H8,100-42-5,104.14912,8.64090e+07,1.8893,-2.1943,0.81388,242.540,4.92460e+07,636.000,0
313,Succinic acid,C4H6O4,110-15-6,118.08804,1.14470e+08,-0.04418,1.1282,-0.67562,460.850,8.50610e+07,838.000,0
314,Sulfur dioxide,O2S,7446-09-5,64.0638,2.84600e+07,-0.24905,0.62158,-0.020421,197.670,2.79080e+07,430.750,0
315,Sulfur hexafluoride,F6S,2551-62-4,146.0554192,1.36610e+07,-1.1465,1.5442,-0.15766,223.150,1.62200e+07,318.690,0
316,Sulfur trioxide,O3S,7446-11-9,80.0632,8.50900e+06,-7.1061,11.558,-4.483,289.950,4.41460e+07,490.850,0
317,Terephthalic acid,C8H6O4,100-21-0,166.13084,1.19280e+08,-0.063031,0.89651,-0.5152,700.150,7.16890e+07,883.600,0
318,o-Terphenyl,C18H14,84-15-1,230.30376,1.30705e+08,1.329955,-1.300762,0.5044183,329.350,8.42870e+07,857.000,0
319,Tetradecane,C14H30,629-59-4,198.388,1.20070e+08,1.445,-1.3846,0.42836,279.010,7.33360e+07,693.000,0
320,Tetrahydrofuran,C4H8O,109-99-9,72.10572,4.09070e+07,0.12318,0.46123,-0.23807,164.650,3.74660e+07,540.150,0
321,"1,2,3,4-Tetrahydronaphthalene",C10H12,119-64-2,132.20228,1.00700e+08,1.994,-2.5052,1.0593,237.380,6.02700e+07,720.000,0
322,Tetrahydrothiophene,C4H8S,110-01-0,88.17132,5.29180e+07,0.57615,-0.32236,0.15218,176.990,4.49330e+07,631.950,0
323,"2,2,3,3-Tetramethylbutane",C8H18,594-82-1,114.22852,3.81160e+07,-0.60048,1.6501,-0.73052,373.96,3.17800e+07,568.0,0
324,Thiophene,C4H4S,110-02-1,84.13956,5.24720e+07,0.78829,-0.47503,0.098333,234.94,3.81710e+07,579.35,0
325,Toluene,C7H8,108-88-3,92.13842,5.46430e+07,0.76764,-0.62056,0.25935,178.18,4.40060e+07,591.75,0
326,"1,1,2-Trichloroethane",C2H3Cl3,79-00-5,133.40422,4.12830e+07,-0.34796,1.0118,-0.32712,236.5,4.13030e+07,602.0,0
327,Tridecane,C13H28,629-50-5,184.36142,1.17200e+08,1.6004,-1.6689,0.56396,267.76,6.97470e+07,675.0,0
328,Triethyl amine,C6H15N,121-44-8,101.19,4.61390e+07,0.41881,-0.23744,0.20257,158.45,4.05710e+07,535.15,0
329,Trimethyl amine,C3H9N,75-50-3,59.11026,5.10560e+07,1.6568,-1.6244,0.41985,156.08,3.08740e+07,433.25,0
330,"1,2,3-Trimethylbenzene",C9H12,526-73-8,120.19158,7.01380e+07,1.0377,-1.1841,0.56211,247.79,5.12030e+07,664.5,0
331,"1,2,4-Trimethylbenzene",C9H12,95-63-6,120.19158,7.89550e+07,1.513,-1.9061,0.85016,229.33,5.22830e+07,649.1,0
332,"2,2,4-Trimethylpentane",C8H18,540-84-1,114.22852,5.93500e+07,1.1967,-1.2686,0.51652,165.78,4.34440e+07,543.8,0
333,"2,3,3-Trimethylpentane",C8H18,560-21-4,114.22852,6.07780e+07,1.207,-1.3449,0.58,172.22,4.47800e+07,573.5,0
334,"1,3,5-Trinitrobenzene",C6H3N3O6,99-35-4,213.10452,1.06880e+08,0.38045,-0.00074017,0.0003222,398.4,8.39050e+07,846.0,0
335,"2,4,6-Trinitrotoluene",C7H5N3O6,118-96-7,227.1311,1.94970e+07,-8.4859,17.865,–10.196,354.0,8.84860e+07,828.0,0
336,Undecane,C11H24,1120-21-4,156.30826,1.01360e+08,1.5084,-1.473,0.44521,247.57,6.19520e+07,639.0,0
337,1-Undecanol,C11H24O,112-42-5,172.30766,8.72740e+07,-1.5834,5.0913,-3.2171,288.45,8.90070e+07,703.9,0
338,Vinyl acetate,C4H6O2,108-05-4,86.08924,4.66430e+07,0.50913,-0.55117,0.45397,180.35,3.97880e+07,519.13,0
339,Vinyl acetylene,C4H4,689-97-4,52.07456,3.64900e+07,0.4,0.043,,173.15,2.98760e+07,454.0,0
340,Vinyl chloride,C2H3Cl,75-01-4,62.49822,4.26290e+07,1.0111,-0.48757,-0.045787,119.36,3.21450e+07,432.0,0
341,Vinyl trichlorosilane,C2H3Cl3Si,75-94-5,161.48972,4.38170e+07,0.26434,0.034522,0.071549,178.35,3.91430e+07,543.15,0
342,Water,H2O,7732-18-5,18.01528,5.66000e+07,0.612041,-0.625697,0.398804,273.16,4.49810e+07,647.096,0
343,m-Xylene,C8H10,108-38-3,106.165,6.49300e+07,1.0653,-1.1205,0.48226,225.3,4.68030e+07,617.0,0
344,o-Xylene,C8H10,95-47-6,106.165,6.53930e+07,0.98813,-0.91617,0.35023,247.98,4.65030e+07,630.3,0
345,p-Xylene,C8H10,106-42-3,106.165,6.64750e+07,1.1739,-1.2812,0.54229,286.41,4.30350e+07,616.2,0
