compound,Name,Formula,CAS,C1,C2,C3,C4,C5,Tmin,Pmin,Tmax,Pmax
1,Acetaldehyde,C2H4O,75-07-0,52.9107,-4643.14,-4.50683,2.7e-17,6,149.78,51.5,466.0,5570000.0
2,Acetamide,C2H5NO,60-35-5,125.81,-12376.0,-14.589,5.0824e-06,2,353.33,336.0,761.0,6569000.0
3,Acetic acid,C2H4O2,64-19-7,53.27,-6304.5,-4.2985,8.89e-18,6,289.81,1280.0,591.95,5739000.0
4,Acetic anhydride,C4H6O3,108-24-7,67.1818,-7463.47,-6.24388,6.86e-18,6,200.15,410.0,606.0,4000000.0
5,Acetone,C3H6O,67-64-1,69.006,-5599.6,-7.0985,6.2237e-06,2,178.45,2.79,508.2,4709000.0
6,Acetonitrile,C2H3N,75-05-8,46.735,-5126.18,-3.54064,1.4e-17,6,229.32,171.0,545.5,4850000.0
7,Acetylene,C2H2,74-86-2,39.63,-2552.2,-2.78,2.39e-16,6,192.4,127000.0,308.3,6106000.0
8,Acrolein,C3H4O,107-02-8,138.4,-7122.7,-19.638,0.026447,1,185.45,10.3,506.0,5020000.0
9,Acrylic acid,C3H4O2,79-10-7,46.745,-6587.1,-3.2208,5.2253e-07,2,286.15,257.0,615.0,5661000.0
10,Acrylonitrile,C3H3N,107-13-1,57.3157,-5662.2,-5.06221,1.51e-17,6,189.63,2.47,540.0,4660000.0
11,Air,Mixture,132259-10-0,21.662,-692.39,-0.39208,0.0047574,1,59.15,5640.0,132.45,3793000.0
12,Ammonia,H3N,7664-41-7,90.483,-4669.7,-11.607,0.017194,1,195.41,6110.0,405.65,11300000.0
13,Anisole,C7H8O,100-66-3,128.06,-9307.7,-16.693,0.014919,1,235.65,2.45,645.6,4273000.0
14,Argon,Ar,7440-37-1,42.127,-1093.1,-4.1425,5.7254e-05,2,83.78,68700.0,150.86,4896000.0
15,Benzamide,C7H7NO,55-21-0,85.474,-11932.0,-8.3348,1.29e-18,6,403.0,355.0,824.0,5047000.0
16,Benzene,C6H6,71-43-2,83.107,-6486.2,-9.2194,6.9844e-06,2,278.68,4760.0,562.05,4875000.0
17,Benzenethiol,C6H6S,108-98-5,77.765,-8455.1,-7.7404,4.31e-18,6,258.27,7.68,689.0,4728000.0
18,Benzoic acid,C7H6O2,65-85-0,88.513,-11829.0,-8.6826,2.32e-19,6,395.45,796.0,751.0,4469000.0
19,Benzonitrile,C7H5N,100-47-0,55.0403,-7363.83,-4.50612,1.95e-18,6,260.28,5.4,702.3,4215000.0
20,Benzophenone,C13H10O,119-61-9,88.404,-11769.0,-8.9014,1.93e-18,6,321.35,1.49,830.0,3357000.0
21,Benzyl alcohol,C7H8O,100-51-6,100.68,-11059.0,-10.709,3.06e-18,6,257.85,18.8,720.15,4372000.0
22,Benzyl ethyl ether,C9H12O,539-30-0,68.541,-7886.2,-6.5804,2.4285e-06,2,275.65,23.1,662.0,3113000.0
23,Benzyl mercaptan,C7H8S,100-53-8,118.02,-10527.0,-13.91,6.4794e-06,2,243.95,29.8,718.0,4074000.0
24,Biphenyl,C12H10,92-52-4,77.314,-9910.4,-7.5079,2.24e-18,6,342.2,94.2,773.0,3407000.0
25,Bromine,Br2,7726-95-6,108.26,-6592.0,-14.16,0.016043,1,265.85,5850.0,584.15,10280000.0
26,Bromobenzene,C6H5Br,108-86-1,63.749,-7130.2,-5.879,5.21e-18,6,242.43,7.84,670.15,4520000.0
27,Bromoethane,C2H5Br,74-96-4,57.3242,-4931.2,-5.2244,3.08e-17,6,154.25,38.0,503.8,5565000.0
28,Bromomethane,CH3Br,74-83-9,44.7643,-3907.8,-3.4016,2.95e-17,6,179.44,207.0,464.0,6929000.0
29,"1,2-Butadiene",C4H6,590-19-2,39.714,-3769.9,-2.6407,6.94e-18,6,136.95,44.7,452.0,4361000.0
30,"1,3-Butadiene",C4H6,106-99-0,75.572,-4621.9,-8.5323,1.2269e-05,2,164.25,69.2,425.0,4303000.0
31,Butane,C4H10,106-97-8,66.343,-4363.2,-7.046,9.4509e-06,2,134.86,67.4,425.12,3770000.0
32,"1,2-Butanediol",C4H10O2,584-03-2,103.28,-11548.0,-10.925,4.26e-18,6,220.0,29300.0,680.0,5202000.0
33,"1,3-Butanediol",C4H10O2,107-88-0,123.22,-12620.0,-13.986,3.926e-06,2,196.15,37400000.0,676.0,4033000.0
34,1-Butanol,C4H10O,71-36-3,106.29483,-9866.35511,-11.6553,1.08e-17,6,183.85,29100.0,563.1,4414000.0
35,2-Butanol,C4H10O,78-92-2,122.552,-10236.2,-14.125,2.36e-17,6,158.45,1240000.0,535.9,4190000.0
36,1-Butene,C4H8,106-98-9,51.836,-4019.2,-4.5229,4.88e-17,6,87.8,69400000.0,419.5,4021000.0
37,cis-2-Butene,C4H8,590-18-1,72.541,-4691.2,-7.9776,1.0368e-05,2,134.26,27.2,435.5,4238000.0
38,trans-2-Butene,C4H8,624-64-6,71.704,-4563.1,-7.9053,1.1319e-05,2,167.62,74.5,428.6,4100000.0
39,Butyl acetate,C6H12O2,123-86-4,122.82,-9253.2,-14.99,1.047e-05,2,199.65,817.0,575.4,3087000.0
40,Butylbenzene,C10H14,104-51-8,101.22,-9255.4,-11.538,5.9208e-06,2,185.3,15400.0,660.5,2882000.0
41,Butyl mercaptan,C4H10S,109-79-5,65.382,-6262.4,-6.2585,1.49e-17,6,157.46,2350.0,570.1,3973000.0
42,sec-Butyl mercaptan,C4H10S,513-53-1,60.649,-5785.9,-5.6113,1.59e-17,6,133.02,340000.0,554.0,4060000.0
43,1-Butyne,C4H6,107-00-6,77.004,-5054.5,-8.5665,1.0161e-05,2,147.43,1.18,440.0,4599000.0
44,Butyraldehyde,C4H8O,123-72-8,51.648,-5301.36,-4.2559,1.14e-17,6,176.8,69.7,537.2,4410000.0
45,Butyric acid,C4H8O2,107-92-6,78.1171,-8924.37,-7.59929,7.39e-18,6,267.95,10.3,615.7,4060000.0
46,Butyronitrile,C4H7N,109-74-0,60.6576,-6404.32,-5.49286,1.13e-17,6,161.3,94100.0,585.4,3880000.0
47,Carbon dioxide,CO2,124-38-9,47.0169,-2839.0,-3.86388,2.81e-16,6,216.58,518000.0,304.21,7384000.0
48,Carbon disulfide,CS2,75-15-0,67.114,-4820.4,-7.5303,0.0091695,1,161.11,1.49,552.0,8041000.0
49,Carbon monoxide,CO,630-08-0,45.698,-1076.6,-4.8814,7.5673e-05,2,68.15,15400.0,132.92,3494000.0
50,Carbon tetrachloride,CCl4,56-23-5,78.441,-6128.1,-8.5766,6.8465e-06,2,250.33,1120.0,556.35,4544000.0
51,Carbon tetrafluoride,CF4,75-73-0,61.89,-2296.3,-7.086,3.4687e-05,2,89.56,108.0,227.51,3742000.0
52,Chlorine,Cl2,7782-50-5,71.334,-3855.0,-8.5171,0.012378,1,172.12,1370.0,417.15,7793000.0
53,Chlorobenzene,C6H5Cl,108-90-7,54.144,-6244.4,-4.5343,4.7e-18,6,227.95,8.45,632.35,4529000.0
54,Chloroethane,C2H5Cl,75-00-3,44.677,-4026.0,-3.371,2.27e-17,6,136.75,26.1,460.35,5267000.0
55,Chloroform,CHCl3,67-66-3,146.43,-7792.3,-20.614,0.024578,1,207.15,52.5,536.4,5554000.0
56,Chloromethane,CH3Cl,74-87-3,44.555,-3521.3,-3.4258,5.63e-17,6,175.45,884.0,416.25,6759000.0
57,1-Chloropropane,C3H7Cl,540-54-5,58.3592,-5111.33,-5.35261,2.47e-17,6,150.35,847.0,503.15,4425000.0
58,2-Chloropropane,C3H7Cl,75-29-6,46.854,-4445.5,-3.6533,1.33e-17,6,155.97,90.8,489.0,4510000.0
59,m-Cresol,C7H8O,108-39-4,95.403,-10581.0,-10.004,4.3e-18,6,285.39,5.86,705.85,4522000.0
60,o-Cresol,C7H8O,95-48-7,210.88,-13928.0,-29.483,0.025182,1,304.19,65.3,697.55,5058000.0
61,p-Cresol,C7H8O,106-44-5,118.53,-11957.0,-13.293,8.7e-18,6,307.93,34.5,704.65,5151000.0
62,Cumene,C9H12,98-82-8,102.81,-8674.6,-11.922,7.0048e-06,2,177.14,47100.0,631.0,3226000.0
63,Cyanogen,C2N2,460-19-5,39.0596,-3473.98,-2.48683,2.86e-17,6,245.25,74400.0,400.15,5924000.0
64,Cyclobutane,C4H8,287-23-0,85.899,-4884.4,-10.883,0.014934,1,182.48,180.0,459.93,4991000.0
65,Cyclohexane,C6H12,110-82-7,51.087,-5226.4,-4.2278,9.76e-18,6,279.69,5360.0,553.8,4093000.0
66,Cyclohexanol,C6H12O,108-93-0,189.19,-14337.0,-24.148,1.074e-05,2,296.6,76.5,650.1,4265000.0
67,Cyclohexanone,C6H10O,108-94-1,85.424,-7944.4,-9.2862,4.9957e-06,2,242.0,6.8,653.0,3989000.0
68,Cyclohexene,C6H10,110-83-8,88.184,-6624.9,-10.059,8.2566e-06,2,169.67,10.4,560.4,4392000.0
69,Cyclopentane,C5H10,287-92-3,66.341,-5198.5,-6.8103,6.193e-06,2,179.28,9.07,511.7,4513000.0
70,Cyclopentene,C5H8,142-29-0,67.952,-5187.5,-7.0785,6.8165e-06,2,138.13,128.0,507.0,4799000.0
71,Cyclopropane,C3H6,75-19-4,40.608,-3179.6,-2.8937,5.61e-17,6,145.59,78.0,398.0,5494000.0
72,Cyclohexyl mercaptan,C6H12S,1569-69-3,85.146,-7843.7,-9.2982,5.1788e-06,2,189.64,8240.0,664.0,3970000.0
73,Decanal,C10H20O,112-31-2,93.5742,-10403.8,-9.79483,4.57e-18,6,285.0,5.51,674.0,2600000.0
74,Decane,C10H22,124-18-5,112.73,-9749.6,-13.245,7.1266e-06,2,243.51,1.39,617.7,2091000.0
75,Decanoic acid,C10H20O2,334-48-5,126.405,-14864.6,-13.9067,2.51e-18,6,304.55,14.5,722.1,2280000.0
76,1-Decanol,C10H22O,112-30-1,156.23933,-15212.33492,-18.42393,8.5e-18,6,280.05,15.0,688.0,2308000.0
77,1-Decene,C10H20,872-05-9,68.401,-7776.9,-6.4637,6.38e-18,6,206.89,259.0,616.6,2223000.0
78,Decyl mercaptan,C10H22S,143-10-2,91.91,-10565.0,-9.5957,5.7e-18,6,247.56,259.0,696.0,2130000.0
79,1-Decyne,C10H18,764-93-2,142.94,-11119.0,-17.818,1.102e-05,2,229.15,16.0,619.85,2363000.0
80,Deuterium,D2,7782-39-0,18.947,-154.47,-0.57226,0.038899,1,18.73,17200.0,38.35,1663000.0
81,"1,1-Dibromoethane",C2H4Br2,557-91-5,62.711,-6503.5,-5.7669,1.0427e-06,2,210.15,2.64,628.0,6034000.0
82,"1,2-Dibromoethane",C2H4Br2,106-93-4,43.751,-5587.7,-3.0891,8.2664e-07,2,282.85,753.0,650.15,5375000.0
83,Dibromomethane,CH2Br2,74-95-3,86.295,-7010.3,-9.5972,6.7794e-06,2,220.6,21.3,611.0,7170000.0
84,Dibutyl ether,C8H18O,142-96-1,72.227,-7537.6,-7.0596,9.14e-18,6,175.3,71400.0,584.1,2459000.0
85,m-Dichlorobenzene,C6H4Cl2,541-73-1,53.187,-6827.5,-4.3233,2.31e-18,6,248.39,6.41,683.95,4070000.0
86,o-Dichlorobenzene,C6H4Cl2,95-50-1,77.105,-8111.1,-7.8886,2.7267e-06,2,256.15,6.49,705.0,4074000.0
87,p-Dichlorobenzene,C6H4Cl2,106-46-7,88.31,-8463.4,-9.6308,4.5833e-06,2,326.14,1230.0,684.75,4070000.0
88,"1,1-Dichloroethane",C2H4Cl2,75-34-3,66.611,-5493.1,-6.7301,5.3579e-06,2,176.19,2.21,523.0,5106000.0
89,"1,2-Dichloroethane",C2H4Cl2,107-06-2,92.355,-6920.4,-10.651,9.1426e-06,2,237.49,237.0,561.6,5318000.0
90,Dichloromethane,CH2Cl2,75-09-2,101.6,-6541.6,-12.247,1.2311e-05,2,178.01,5.93,510.0,6093000.0
91,"1,1-Dichloropropane",C3H6Cl2,78-99-9,83.495,-6661.4,-9.2386,6.7652e-06,2,192.5,1.72,560.0,4239000.0
92,"1,2-Dichloropropane",C3H6Cl2,78-87-5,65.955,-6015.6,-6.5509,4.3172e-06,2,172.71,825.0,572.0,4232000.0
93,Diethanol amine,C4H11NO2,111-42-2,106.38,-13714.0,-11.06,3.26e-18,6,301.15,10.2,736.6,4260000.0
94,Diethyl amine,C4H11N,109-89-7,49.314,-4949.0,-3.9256,9.2e-18,6,223.35,374.0,496.6,3674000.0
95,Diethyl ether,C4H10O,60-29-7,136.9,-6954.3,-19.254,0.024508,1,156.85,39.5,466.7,3641000.0
96,Diethyl sulfide,C4H10S,352-93-2,46.705,-5177.4,-3.5985,1.7147e-06,2,169.2,993.0,557.15,3961000.0
97,"1,1-Difluoroethane",C2H4F2,75-37-6,73.491,-4385.9,-8.1851,1.2978e-05,2,154.56,64.5,386.44,4507000.0
98,"1,2-Difluoroethane",C2H4F2,624-72-6,84.625,-5217.4,-9.871,1.305e-05,2,179.6,117.0,445.0,4372000.0
99,Difluoromethane,CH2F2,75-10-5,69.132,-3847.7,-7.5868,1.5065e-05,2,136.95,54.3,351.26,5761000.0
100,Di-sopropyl amine,C6H15N,108-18-9,462.84,-18227.0,-73.734,0.092794,1,176.85,4470.0,523.1,3199000.0
101,Di-sopropyl ether,C6H14O,108-20-3,41.631,-4668.7,-2.8551,0.00063693,1,187.65,6.86,500.05,2869000.0
102,Di-sopropyl ketone,C7H14O,565-80-0,50.868,-6036.5,-4.066,1.1326e-06,2,204.81,82.1,576.0,3017000.0
103,"1,1-Dimethoxyethane",C4H10O2,534-15-6,53.637,-5251.2,-4.5649,1.68e-17,6,159.95,945.0,507.8,3773000.0
104,"1,2-Dimethoxypropane",C5H12O2,7778-85-0,62.097,-6174.9,-5.715,1.23e-17,6,226.1,45.0,543.0,3447000.0
105,Dimethyl acetylene,C4H6,503-17-3,66.592,-4999.8,-6.8387,6.6793e-06,2,240.91,6120.0,473.2,4870000.0
106,Dimethyl amine,C2H7N,124-40-3,71.738,-5302.0,-7.3324,6.42e-17,6,180.96,75.6,437.2,5258000.0
107,"2,3-Dimethylbutane",C6H14,79-29-8,77.161,-5691.1,-8.501,8.0325e-06,2,145.19,152.0,500.0,3130000.0
108,"1,1-Dimethylcyclohexane",C8H16,590-66-9,81.184,-6927.0,-8.8498,5.458e-06,2,239.66,60.6,591.15,2939000.0
109,"cis-1,2-Dimethylcyclohexane",C8H16,2207-01-4,78.952,-7075.4,-8.4344,4.5035e-06,2,223.16,6.41,606.15,2939000.0
110,"trans-1,2-Dimethylcyclohexane",C8H16,6876-23-9,78.429,-6882.1,-8.4129,4.9831e-06,2,184.99,804.0,596.15,2938000.0
111,Dimethyl disulfide,C2H6S2,624-92-0,81.045,-6941.3,-8.777,5.5501e-06,2,188.44,20.7,615.0,5363000.0
112,Dimethyl ether,C2H6O,115-10-6,44.704,-3525.6,-3.4444,5.46e-17,6,131.65,3.05,400.1,5274000.0
113,"N,N-Dimethyl formamide",C3H7NO,68-12-2,82.762,-7955.5,-8.8038,4.2431e-06,2,212.72,19.5,649.6,4365000.0
114,"2,3-Dimethylpentane",C7H16,565-59-3,78.335,-6348.7,-8.5105,6.4311e-06,2,160.0,126.0,537.3,2882000.0
115,Dimethyl phthalate,C10H10O4,131-11-3,72.517,-10415.0,-6.755,1.3269e-06,2,274.18,372.0,766.0,2779000.0
116,Dimethylsilane,C2H8Si,1111-74-6,63.08,-4062.3,-6.425,1.51e-16,6,122.93,41.5,402.0,3561000.0
117,Dimethyl sulfide,C2H6S,75-18-3,84.39,-5740.6,-9.6454,1.0073e-05,2,174.88,7.86,503.04,5533000.0
118,Dimethyl sulfoxide,C2H6OS,67-68-5,56.273,-7620.6,-4.6279,4.3819e-07,2,291.67,50.2,729.0,5648000.0
119,Dimethyl terephthalate,C10H10O4,120-61-6,66.1795,-9870.41,-5.85599,1.47e-18,6,413.79,1150.0,777.4,2759000.0
120,"1,4-Dioxane",C4H8O2,123-91-1,44.494,-5406.7,-3.1287,2.89e-18,6,284.95,2530.0,587.0,5158000.0
121,Diphenyl ether,C12H10O,101-84-8,59.969,-8585.5,-5.1538,2e-18,6,300.03,7.09,766.8,3097000.0
122,Dipropyl amine,C6H15N,142-84-7,54.0,-6018.5,-4.4981,9.97e-18,6,210.15,3.69,550.0,3111000.0
123,Dodecane,C12H26,112-40-3,137.47,-11976.0,-16.698,8.0906e-06,2,263.57,61.5,658.0,1822000.0
124,Eicosane,C20H42,112-95-8,203.66,-19441.0,-25.525,8.8382e-06,2,309.58,9260.0,768.0,1175000.0
125,Ethane,C2H6,74-84-0,51.857,-2598.7,-5.1283,1.4913e-05,2,90.35,1.13,305.32,4852000.0
126,Ethanol,C2H6O,64-17-5,73.304,-7122.3,-7.1424,2.8853e-06,2,159.05,49600.0,514.0,6109000.0
127,Ethyl acetate,C4H8O2,141-78-6,66.824,-6227.6,-6.41,1.79e-17,6,189.6,1.43,523.3,3850000.0
128,Ethyl amine,C2H7N,75-04-7,81.56,-5596.9,-9.0779,8.792e-06,2,192.15,152.0,456.15,5594000.0
129,Ethylbenzene,C8H10,100-41-4,89.063,-7733.7,-9.917,5.986e-06,2,178.2,3910.0,617.15,3590000.0
130,Ethyl benzoate,C9H10O2,93-89-0,52.923,-7531.7,-4.2347,1.1835e-06,2,238.45,16.9,698.0,3203000.0
131,2-Ethyl butanoic acid,C6H12O2,88-09-5,90.464,-10243.0,-9.2836,5.26e-18,6,258.15,46.3,655.0,3403000.0
132,Ethyl butyrate,C6H12O2,105-54-4,57.661,-6346.5,-5.032,8.25e-18,6,175.15,104.0,571.0,2935000.0
133,Ethylcyclohexane,C8H16,1678-91-7,80.208,-7203.2,-8.6023,4.5901e-06,2,161.84,35700.0,609.15,3041000.0
134,Ethylcyclopentane,C7H14,1640-89-7,88.671,-7012.7,-10.045,7.4578e-06,2,134.71,3710000.0,569.5,3412000.0
135,Ethylene,C2H4,74-85-1,53.963,-2443.0,-5.5643,1.9079e-05,2,104.0,126.0,282.34,5032000.0
136,Ethylenediamine,C2H8N2,107-15-3,73.51,-7572.7,-7.1435,1.21e-17,6,284.29,678.0,593.0,6290000.0
137,Ethylene glycol,C2H6O2,107-21-1,84.09,-10411.0,-8.1976,1.65e-18,6,260.15,21.9,720.0,8257000.0
138,Ethyleneimine,C2H5N,151-56-4,66.51,-6019.2,-6.3332,1.04e-17,6,195.2,9.71,537.0,6850000.0
139,Ethylene oxide,C2H4O,75-21-8,91.944,-5293.4,-11.682,0.014902,1,160.65,7.79,469.15,7255000.0
140,Ethyl formate,C3H6O2,109-94-4,73.833,-5817.0,-7.809,6.32e-06,2,193.55,18.1,508.4,4708000.0
141,2-Ethyl hexanoic acid,C8H16O2,149-57-5,122.364,-13308.8,-13.5709,6.42e-18,6,155.15,144000000000000.0,674.6,2780000.0
142,Ethylhexyl ether,C8H18O,5756-43-4,77.523,-7978.8,-7.7757,1.01e-17,6,180.0,76000.0,583.0,2460000.0
143,Ethylisopropyl ether,C5H12O,625-54-7,57.723,-5236.9,-5.2136,2.3e-17,6,140.0,4310.0,489.0,3414000.0
144,Ethylisopropyl ketone,C6H12O,565-69-5,57.459,-6356.8,-4.9545,5.2e-18,6,204.15,97.0,567.0,3293000.0
145,Ethyl mercaptan,C2H6S,75-08-1,65.551,-5027.4,-6.6853,6.3208e-06,2,125.26,1140.0,499.15,5492000.0
146,Ethyl propionate,C5H10O2,105-37-3,105.64,-8007.0,-12.477,9e-06,2,199.25,78.0,546.0,3336000.0
147,Ethylpropyl ether,C5H12O,628-32-0,86.898,-6646.4,-9.5758,5.96e-17,6,145.65,1610.0,500.23,3372000.0
148,Ethyltrichlorosilane,C2H5Cl3Si,115-21-9,61.6271,-6095.88,-5.69714,1.06e-17,6,167.55,196.0,559.95,3321000.0
149,Fluorine,F2,7782-41-4,42.393,-1103.3,-4.1203,5.7815e-05,2,53.48,253.0,144.12,5167000.0
150,Fluorobenzene,C6H5F,462-06-6,51.915,-5439.0,-4.2896,8.75e-18,6,230.94,151.0,560.09,4544000.0
151,Fluoroethane,C2H5F,353-36-6,38.593,-3123.34,-2.53014,5.3e-17,6,129.95,9.43,375.31,4980000.0
152,Fluoromethane,CH3F,593-53-3,41.2744,-2676.65,-3.03914,2.45e-16,6,131.35,434.0,317.42,5875000.0
153,Formaldehyde,CH2O,50-00-0,49.3632,-3847.87,-4.09834,4.64e-17,6,155.15,48.9,420.0,6590000.0
154,Formamide,CH3NO,75-12-7,100.3,-10763.0,-10.946,3.8503e-06,2,275.6,1.04,771.0,7751000.0
155,Formic acid,CH2O2,64-18-6,43.8066,-5131.03,-3.18777,2.37819e-06,2,281.45,2410.0,588.0,5810000.0
156,Furan,C4H4O,110-00-9,74.738,-5417.0,-8.0636,7.47e-06,2,187.55,50.0,490.15,5550000.0
157,Helium-4,He,7440-59-7,11.533,-8.99,-0.6724,0.2743,1,1.76,1460.0,5.2,228400.0
158,Heptadecane,C17H36,629-78-7,156.95,-15557.0,-18.966,6.4559e-06,2,295.13,465.0,736.0,1344000.0
159,Heptanal,C7H14O,111-71-7,55.3058,-6694.68,-4.64122,5.28e-18,6,229.8,2.56,620.0,3160000.0
160,Heptane,C7H16,142-82-5,87.829,-6996.4,-9.8802,7.2099e-06,2,182.57,18.3,540.2,2719000.0
161,Heptanoic acid,C7H14O2,111-14-8,112.372,-12660.1,-12.147,4.39e-18,6,265.83,466.0,677.3,3042000.0
162,1-Heptanol,C7H16O,111-70-6,147.41,-13466.0,-17.353,1.13e-17,6,239.15,195.0,632.3,3013000.0
163,2-Heptanol,C7H16O,543-49-7,153.088,-12618.7,-18.7479,7.45073e-06,2,220.0,6550.0,608.3,3000000.0
164,3-Heptanone,C7H14O,106-35-4,78.463,-8077.2,-7.9062,8.05e-18,6,234.15,2.3,606.6,2919000.0
165,2-Heptanone,C7H14O,110-43-0,75.494,-7896.5,-7.5047,8.91e-18,6,238.15,3.54,611.4,2946000.0
166,1-Heptene,C7H14,592-76-7,65.922,-6189.0,-6.3629,2.01e-17,6,154.12,1860.0,537.4,2921000.0
167,Heptyl mercaptan,C7H16S,1639-09-4,79.858,-8501.8,-8.1043,8.15e-18,6,229.92,30.5,645.0,2772000.0
168,1-Heptyne,C7H12,628-71-7,59.083,-6031.8,-5.3072,1.44e-17,6,192.22,81.5,547.0,3209000.0
169,Hexadecane,C16H34,544-76-3,156.06,-15015.0,-18.941,6.8172e-06,2,291.31,923.0,723.0,1411000.0
170,Hexanal,C6H12O,66-25-1,58.7734,-6529.3,-5.17151,6.95e-18,6,214.93,1.86,594.0,3460000.0
171,Hexane,C6H14,110-54-3,104.65,-6995.5,-12.702,1.2381e-05,2,177.83,90.2,507.6,3045000.0
172,Hexanoic acid,C6H12O2,142-62-1,98.3767,-11394.0,-10.2239,3.29e-18,6,269.25,31.7,660.2,3309000.0
173,1-Hexanol,C6H14O,111-27-3,135.42149,-12288.40621,-15.73191,1.27e-17,6,228.55,225.0,611.3,3446000.0
174,2-Hexanol,C6H14O,626-93-7,122.695,-10870.0,-14.192,3.871e-06,2,223.0,746.0,585.3,3323000.0
175,2-Hexanone,C6H12O,591-78-6,107.44,-8528.6,-12.679,8.4606e-06,2,217.35,1.45,587.61,3286000.0
176,3-Hexanone,C6H12O,589-38-8,73.155,-7242.9,-7.2569,1.27e-17,6,217.5,2.22,582.82,3322000.0
177,1-Hexene,C6H12,592-41-6,51.9766,-5104.66,-4.34844,1.17e-17,6,133.39,51600.0,504.0,3210000.0
178,3-Hexyne,C6H10,928-49-4,47.091,-5104.0,-3.6371,0.00051621,1,170.05,22.0,544.0,3540000.0
179,Hexyl mercaptan,C6H14S,111-31-9,68.467,-7390.5,-6.5456,7.76e-18,6,192.62,131.0,623.0,3079000.0
180,1-Hexyne,C6H10,693-02-7,133.2,-7492.9,-18.405,0.022062,1,141.25,39200.0,516.2,3635000.0
181,2-Hexyne,C6H10,764-35-2,123.71,-7639.0,-16.451,0.016495,1,183.65,54.0,549.0,3530000.0
182,Hydrazine,H4N2,302-01-2,76.858,-7245.2,-8.22,0.0061557,1,274.69,408.0,653.15,14730000.0
183,Hydrogen,H2,1333-74-0,12.69,-94.896,-1.1125,0.00032915,2,13.95,7210.0,33.19,1315000.0
184,Hydrogen bromide,BrH,10035-10-6,29.315,-2424.5,-1.1354,2.38e-18,6,185.15,29500.0,363.15,8463000.0
185,Hydrogen chloride,ClH,7647-01-0,104.27,-3731.2,-15.047,0.03134,1,158.97,13500.0,324.65,8356000.0
186,Hydrogen cyanide,CHN,74-90-8,36.75,-3927.1,-2.1245,3.89e-17,6,259.83,18700.0,456.65,5353000.0
187,Hydrogen fluoride,FH,7664-39-3,59.544,-4143.8,-6.1764,1.4161e-05,2,189.79,337.0,461.15,6487000.0
188,Hydrogen sulfide,H2S,7783-06-4,85.584,-3839.9,-11.199,0.018848,1,187.68,22900.0,373.53,8999000.0
189,Isobutyric acid,C4H8O2,79-31-2,110.38,-10540.0,-12.262,1.43e-17,6,227.15,782.0,605.0,3683000.0
190,Isopropyl amine,C3H9N,75-31-0,136.66,-7201.5,-18.934,0.022255,1,177.95,7.73,471.85,4540000.0
191,Malonic acid,C3H4O4,141-82-2,119.172,-15688.8,-12.6757,1.55e-18,6,409.15,99.7,834.0,6097000.0
192,Methacrylic acid,C4H6O2,79-41-4,109.53,-10410.0,-12.289,3.199e-06,2,288.15,58.6,662.0,4812000.0
193,Methane,CH4,74-82-8,39.205,-1324.4,-3.4366,3.1019e-05,2,90.69,11700.0,190.56,4590000.0
194,Methanol,CH4O,67-56-1,82.718,-6904.5,-8.8622,7.4664e-06,2,175.47,11.1,512.5,8145000.0
195,N-Methyl acetamide,C3H7NO,79-16-3,79.128,-9523.9,-7.7355,3.16e-18,6,301.15,28.6,718.0,4997000.0
196,Methyl acetate,C3H6O2,79-20-9,61.267,-5618.6,-5.6473,2.11e-17,6,175.15,1.02,506.55,4695000.0
197,Methyl acetylene,C3H4,74-99-7,50.242,-3811.9,-4.2526,6.53e-17,6,170.45,415.0,402.4,5619000.0
198,Methyl acrylate,C4H6O2,96-33-3,107.69,-7027.2,-13.916,0.015185,1,196.32,4.07,536.0,4277000.0
199,Methyl amine,CH5N,74-89-5,75.206,-5082.8,-8.0919,8.113e-06,2,179.69,177.0,430.05,7414000.0
200,Methyl benzoate,C8H8O2,93-58-3,84.828,-9334.7,-8.7063,6.17e-18,6,260.75,1.81,693.0,3589000.0
201,"3-Methyl-1,2-butadiene",C5H8,598-25-4,66.575,-5213.4,-6.7693,4.8106e-06,2,159.53,72.8,490.0,3831000.0
202,2-Methylbutane,C5H12,78-78-4,71.308,-4976.0,-7.7169,8.7271e-06,2,113.25,12100.0,460.4,3366000.0
203,2-Methylbutanoic acid,C5H10O2,116-53-0,85.383,-9575.4,-8.6164,5.61e-18,6,193.0,694000.0,643.0,3886000.0
204,3-Methyl-1-butanol,C5H12O,123-51-3,117.074,-10743.2,-13.1654,1.17e-17,6,155.95,114000000.0,577.2,3933000.0
205,2-Methyl-1-butene,C5H10,563-46-2,93.131,-5525.4,-11.852,0.014205,1,135.58,205.0,465.0,3465000.0
206,2-Methyl-2-butene,C5H10,513-35-9,83.927,-5640.5,-9.6453,1.1121e-05,2,139.39,194.0,470.0,3394000.0
207,2-Methyl-1-butene-3-yne,C5H6,78-80-8,95.453,-5448.8,-12.384,0.015643,1,160.15,2.92,492.0,4469000.0
208,Methylbutyl ether,C5H12O,628-28-4,60.164,-5621.7,-5.53,1.86e-17,6,157.48,299.0,512.74,3377000.0
209,Methylbutyl sulfide,C5H12S,628-29-5,96.344,-7856.3,-11.058,7.308e-06,2,175.3,4610.0,593.0,3464000.0
210,3-Methyl-1-butyne,C5H8,598-23-2,69.459,-5250.0,-7.1125,7.93e-17,6,183.45,43.6,463.2,4199000.0
211,Methyl butyrate,C5H10O2,623-42-7,71.87,-6885.7,-7.0944,1.49e-17,6,187.35,13.4,554.5,3480000.0
212,Methylchlorosilane,CH5ClSi,993-00-0,95.984,-5401.7,-11.829,1.8092e-05,2,139.05,41.2,442.0,4170000.0
213,Methylcyclohexane,C7H14,108-87-2,92.684,-7080.8,-10.695,8.1366e-06,2,146.58,15200.0,572.1,3486000.0
214,1-Methylcyclohexanol,C7H14O,590-67-0,134.63,-10682.0,-16.511,8.4427e-06,2,299.15,257.0,686.0,3994000.0
215,cis-2-Methylcyclohexanol,C7H14O,7443-70-1,125.1,-10288.0,-15.157,1.0918e-05,2,280.15,45.6,614.0,3807000.0
216,trans-2-Methylcyclohexanol,C7H14O,7443-52-9,54.179,-7477.2,-4.22,3.52e-18,6,269.15,16.2,617.0,3767000.0
217,Methylcyclopentane,C6H12,96-37-7,55.368,-5149.8,-5.0136,3.222e-06,2,130.73,22500.0,532.7,3759000.0
218,1-Methylcyclopentene,C6H10,693-89-0,52.732,-5286.9,-4.4509,1.09e-17,6,146.62,3980.0,542.0,4130000.0
219,3-Methylcyclopentene,C6H10,1120-62-3,52.601,-5120.3,-4.4554,1.33e-17,6,168.54,53.7,526.0,4129000.0
220,Methyldichlorosilane,CH4Cl2Si,75-54-7,79.788,-5420.0,-9.0702,1.1489e-05,2,182.55,25.8,483.0,3964000.0
221,Methylethyl ether,C3H8O,540-67-0,78.586,-5176.3,-8.7501,9.1727e-06,2,160.0,7.85,437.8,4433000.0
222,Methylethyl ketone,C4H8O,78-93-3,72.698,-6143.6,-7.5779,5.6476e-06,2,186.48,1.39,535.5,4120000.0
223,Methylethyl sulfide,C3H8S,624-89-5,79.07,-6114.1,-8.631,6.5333e-06,2,167.23,22.5,533.0,4261000.0
224,Methyl formate,C2H4O2,107-31-3,77.184,-5606.1,-8.392,7.8468e-06,2,174.15,6.88,487.2,5983000.0
225,Methylisobutyl ether,C5H12O,625-44-5,57.984,-5339.6,-5.2362,2.08e-17,6,188.0,8.7,497.0,3416000.0
226,Methylisobutyl ketone,C6H12O,108-10-1,80.503,-7421.8,-8.379,1.81e-17,6,189.15,699.0,574.6,3272000.0
227,Methyl Isocyanate,C2H3NO,624-83-9,57.612,-5197.9,-5.1269,2.17e-17,6,256.15,7280.0,488.0,5480000.0
228,Methylisopropyl ether,C4H10O,598-53-8,53.867,-4701.0,-4.7052,2.88e-17,6,127.93,3320.0,464.48,3764000.0
229,Methylisopropyl ketone,C5H10O,563-80-4,45.242,-5324.4,-3.2551,3.04e-18,6,180.15,29.5,553.4,3792000.0
230,Methylisopropyl sulfide,C4H10S,1551-21-9,52.82,-5437.7,-4.442,9.51e-18,6,171.64,18.0,553.1,4022000.0
231,Methyl mercaptan,CH4S,74-93-1,54.15,-4337.7,-4.8127,4.5e-17,6,150.18,3.15,469.95,7231000.0
232,Methyl methacrylate,C5H8O2,80-62-6,107.36,-8085.3,-12.72,8.3307e-06,2,224.95,19.1,566.0,3674000.0
233,2-Methyloctanoic acid,C9H18O2,3004-93-1,105.7,-12458.0,-11.234,4.46e-18,6,240.0,41900.0,694.0,2545000.0
234,2-Methylpentane,C6H14,107-83-5,53.579,-5041.2,-4.6404,1.94e-17,6,119.55,207000.0,497.7,3044000.0
235,Methyl pentyl ether,C6H14O,628-80-8,61.907,-6188.9,-5.706,1.18e-17,6,176.0,633.0,546.49,3041000.0
236,2-Methylpropane,C4H10,75-28-5,108.43,-5039.9,-15.012,0.022725,1,113.54,121.0,407.8,3630000.0
237,2-Methyl-2-propanol,C4H10O,75-65-0,172.27,-11589.0,-22.113,1.3703e-05,2,298.97,5880.0,506.2,3957000.0
238,2-Methyl propene,C4H8,115-11-7,78.01,-4634.1,-8.9575,1.3413e-05,2,132.81,64.5,417.9,4004000.0
239,Methyl propionate,C4H8O2,554-12-1,70.717,-6439.7,-6.9845,2.01e-17,6,185.65,63.4,530.6,4028000.0
240,Methylpropyl ether,C4H10O,557-17-5,67.942,-5419.1,-6.8067,4.78e-17,6,133.97,2900.0,476.25,3802000.0
241,Methylpropyl sulfide,C4H10S,3877-15-4,83.711,-6786.9,-9.2526,6.6666e-06,2,160.17,4260.0,565.0,3972000.0
242,Methylsilane,CH6Si,992-94-9,37.205,-2590.3,-2.5993,6.0508e-06,2,116.34,14.3,352.5,4702000.0
243,alpha-Methyl styrene,C9H10,98-83-9,56.485,-6954.2,-4.7889,2.78e-18,6,249.95,9.23,654.0,3341000.0
244,Methyl tert-butyl ether,C5H12O,1634-04-4,57.1299,-5200.7,-5.13976,1.65e-17,6,164.55,49.4,497.1,3286000.0
245,Methyl vinyl ether,C3H6O,107-25-5,51.085,-4271.0,-4.307,3.05e-17,6,151.15,3.37,437.0,4583000.0
246,Naphthalene,C10H8,91-20-3,62.964,-8137.5,-5.6317,2.27e-18,6,353.43,991.0,748.4,4069000.0
247,Neon,Ne,7440-01-9,29.755,-271.06,-2.6081,0.000527,2,24.56,43800.0,44.4,2665000.0
248,Nitroethane,C2H5NO2,79-24-3,75.632,-7202.3,-7.6464,1.83e-17,6,183.63,318.0,593.0,5159000.0
249,Nitrogen,N2,7727-37-9,58.282,-1084.1,-8.3144,0.044127,1,63.15,12500.0,126.2,3391000.0
250,Nitrogen trifluoride,F3N,7783-54-2,68.149,-2257.9,-8.9118,0.023233,1,66.46,18.6,234.0,4500000.0
251,Nitromethane,CH3NO2,75-52-5,57.278,-6089.0,-4.9821,1.22e-17,6,244.6,147.0,588.15,6309000.0
252,Nitrous oxide,N2O,10024-97-2,96.512,-4045.0,-12.277,2.886e-05,2,182.3,86900.0,309.57,7278000.0
253,Nitric oxide,NO,10102-43-9,72.974,-2650.0,-8.261,9.7e-15,6,109.5,22000.0,180.15,6516000.0
254,Nonadecane,C19H40,629-92-5,182.54,-17897.0,-22.498,7.4008e-06,2,305.04,159.0,758.0,1208000.0
255,Nonanal,C9H18O,124-19-6,80.3832,-9096.15,-8.03581,4.71e-18,6,267.3,4.25,658.5,2680000.0
256,Nonane,C9H20,111-84-2,109.35,-9030.4,-12.882,7.8544e-06,2,219.66,43.1,594.6,2305000.0
257,Nonanoic acid,C9H18O2,112-05-0,123.374,-14215.3,-13.5607,3.17e-18,6,285.55,458.0,710.7,2513000.0
258,1-Nonanol,C9H20O,143-08-8,162.854,-15204.55331,-19.42436,1.07e-17,6,268.15,858.0,670.9,2528000.0
259,2-Nonanol,C9H20O,628-99-9,213.069,-16246.0,-27.6195,1.31827e-05,2,238.15,3850.0,649.5,2540000.0
260,1-Nonene,C9H18,124-11-8,63.313,-7040.4,-5.8055,7.58e-18,6,191.91,204.0,593.1,2427000.0
261,Nonyl mercaptan,C9H20S,1455-21-6,106.2,-10982.0,-11.696,8.9e-18,6,253.05,14.7,681.0,2330000.0
262,1-Nonyne,C9H16,3452-09-3,114.77,-9430.8,-13.631,8.1918e-06,2,223.15,45.0,598.05,2619000.0
263,Octadecane,C18H38,593-45-3,157.68,-16093.0,-18.954,5.9272e-06,2,301.31,339.0,747.0,1255000.0
264,Octanal,C8H16O,124-13-0,74.0298,-8302.12,-7.19776,5.31e-18,6,251.65,3.49,638.9,2960000.0
265,Octane,C8H18,111-65-9,96.084,-7900.2,-11.003,7.1802e-06,2,216.38,2.11,568.7,2467000.0
266,Octanoic acid,C8H16O2,124-07-2,116.477,-13300.4,-12.6746,3.98e-18,6,289.65,27.6,694.26,2779000.0
267,1-Octanol,C8H18O,111-87-5,144.11083,-13667.15667,-16.82611,9.37e-18,6,257.65,960.0,652.3,2781000.0
268,2-Octanol,C8H18O,123-96-6,185.828,-14520.2,-23.6236,1.08854e-05,2,241.55,379.0,629.8,2749000.0
269,2-Octanone,C8H16O,111-13-7,63.775,-7711.3,-5.7359,3.09e-18,6,252.85,4.68,632.7,2647000.0
270,3-Octanone,C8H16O,106-68-3,72.382,-8054.8,-7.0002,5.83e-18,6,255.55,7.84,627.7,2705000.0
271,1-Octene,C8H16,111-66-0,74.936,-7155.9,-7.5843,1.71e-17,6,171.45,2980.0,566.9,2663000.0
272,Octyl mercaptan,C8H18S,111-88-6,78.368,-8855.4,-7.8202,5.66e-18,6,223.95,305.0,667.3,2523000.0
273,1-Octyne,C8H14,629-05-0,64.612,-6802.5,-6.0261,1.1e-17,6,193.55,10.4,574.0,2880000.0
274,Oxalic acid,C2H2O4,144-62-7,107.476,-12833.4,-11.3837,1.34e-18,6,462.65,19700.0,828.0,8203000.0
275,Oxygen,O2,7782-44-7,51.245,-1200.2,-6.4361,0.028405,1,54.36,148.0,154.58,5021000.0
276,Ozone,O3,10028-15-6,40.067,-2204.8,-2.9351,7.75e-16,6,80.15,73.5,261.0,5566000.0
277,Pentadecane,C15H32,629-62-9,135.57,-13478.0,-16.022,5.6136e-06,2,283.07,12.9,708.0,1474000.0
278,Pentanal,C5H10O,110-62-3,28.3041,-4657.56,-0.732149,8.31e-18,6,191.59,1.16,566.1,3845000.0
279,Pentane,C5H12,109-66-0,78.741,-5420.3,-8.8253,9.6171e-06,2,143.42,686.0,469.7,3364000.0
280,Pentanoic acid,C5H10O2,109-52-4,93.2079,-10470.5,-9.61345,5.62e-18,6,239.15,397.0,639.16,3630000.0
281,1-Pentanol,C5H12O,71-41-0,114.74801,-10643.3,-12.85754,1.25e-17,6,195.56,54700.0,588.1,3897000.0
282,2-Pentanol,C5H12O,6032-29-7,116.828,-10453.0,-13.1768,1.07e-17,6,200.0,5240.0,561.0,3699000.0
283,2-Pentanone,C5H10O,107-87-9,84.635,-7078.4,-9.3,6.2702e-06,2,196.29,75.2,561.08,3706000.0
284,3-Pentanone,C5H10O,96-22-0,44.286,-5415.1,-3.0913,1.86e-18,6,234.18,73.4,560.95,3699000.0
285,1-Pentene,C5H10,109-67-1,46.994,-4289.5,-3.7345,2.54e-17,6,108.02,371000.0,464.8,3562000.0
286,2-Pentyl mercaptan,C5H12S,2084-19-7,58.985,-6193.1,-5.2746,7.4e-18,6,160.75,1770.0,584.3,3537000.0
287,Pentyl mercaptan,C5H12S,110-66-7,67.309,-6880.8,-6.4449,1.01e-17,6,197.45,20.1,598.0,3473000.0
288,1-Pentyne,C5H8,627-19-0,82.805,-5683.8,-9.4301,1.0767e-05,2,167.45,2.4,481.2,4170000.0
289,2-Pentyne,C5H8,627-21-4,137.29,-7447.1,-19.01,0.021415,1,163.83,20.5,519.0,4020000.0
290,Phenanthrene,C14H10,85-01-8,72.958,-10943.0,-6.7902,1.09e-18,6,372.38,29.3,869.0,2902000.0
291,Phenol,C6H6O,108-95-2,95.444,-10113.0,-10.09,6.76e-18,6,314.06,188.0,694.25,6058000.0
292,Phenyl isocyanate,C7H5NO,103-71-9,86.779,-8101.8,-9.5303,6.1367e-06,2,243.15,4.33,653.0,4063000.0
293,Phthalic anhydride,C8H4O3,85-44-9,126.5,-12551.0,-15.002,7.7521e-06,2,404.15,790.0,791.0,4734000.0
294,Propadiene,C3H4,463-49-0,57.069,-3682.7,-5.5662,6.5133e-06,2,136.87,18.2,394.0,5218000.0
295,Propane,C3H8,74-98-6,59.078,-3492.6,-6.0669,1.0919e-05,2,85.47,16800.0,369.83,4213000.0
296,1-Propanol,C3H8O,71-23-8,84.66416,-8307.24422,-8.57673,7.51e-18,6,146.95,42700000.0,536.8,5169000.0
297,2-Propanol,C3H8O,67-63-0,110.717,-9040.0,-12.676,5.538e-06,2,185.26,169.0,508.3,4771000.0
298,Propenylcyclohexene,C9H14,13511-13-2,64.268,-7298.9,-5.9109,4.85e-18,6,199.0,248.0,636.0,3130000.0
299,Propionaldehyde,C3H6O,123-38-6,50.8769,-4931.0,-4.16673,1.67e-17,6,165.0,75.4,503.6,5040000.0
300,Propionic acid,C3H6O2,79-09-4,54.552,-7149.4,-4.2769,1.18e-18,6,252.45,13.1,600.81,4608000.0
301,Propionitrile,C3H5N,107-12-0,59.9958,-6006.16,-5.46004,1.7e-17,6,180.37,18.9,561.3,4260000.0
302,Propyl acetate,C5H10O2,109-60-4,115.16,-8433.9,-13.934,1.0346e-05,2,178.15,171.0,549.73,3366000.0
303,Propyl amine,C3H9N,107-10-8,58.398,-5312.7,-5.2876,1.9913e-06,2,188.36,13.0,496.95,4738000.0
304,Propylbenzene,C9H12,103-65-1,91.379,-8276.8,-10.176,5.624e-06,2,173.55,18100.0,638.35,3202000.0
305,Propylene,C3H6,115-07-1,43.905,-3097.8,-3.4425,1e-16,6,87.89,1170.0,364.85,4599000.0
306,Propyl formate,C4H8O2,110-74-7,104.08,-7535.9,-12.348,9.602e-06,2.0,180.25,21.1,538.0,4031000.0
307,2-Propyl mercaptan,C3H8S,75-33-2,60.43,-5276.9,-5.6572,2.6e-17,6.0,142.61,9730.0,517.0,4752000.0
308,Propyl mercaptan,C3H8S,107-03-9,62.165,-5624.0,-5.8595,2.06e-17,6.0,159.95,651.0,536.6,4627000.0
309,"1,2-Propylene glycol",C3H8O2,57-55-6,212.8,-15420.0,-28.109,2.1564e-05,2.0,213.15,929000.0,626.0,6041000.0
310,Quinone,C6H4O2,106-51-4,48.651,-7289.5,-3.4453,1.01e-18,6.0,388.85,11700.0,683.0,5925000.0
311,Silicon tetrafluoride,F4Si,7783-61-1,272.85,-9548.9,-40.089,6.37e-15,6.0,186.35,221000.0,259.0,3748000.0
312,Styrene,C8H8,100-42-5,105.93,-8685.9,-12.42,7.5583e-06,2.0,242.54,10.6,636.0,3823000.0
313,Succinic acid,C4H6O4,110-15-6,165.977,-19914.4,-18.9344,1.91e-18,6.0,460.85,778.0,838.0,5001000.0
314,Sulfur dioxide,O2S,7446-09-5,47.365,-4084.5,-3.6469,1.8e-17,6.0,197.67,1670.0,430.75,7860000.0
315,Sulfur hexafluoride,F6S,2551-62-4,29.16,-2383.6,-1.1342,0.0,0,223.15,230000.0,318.69,3771000.0
316,Sulfur trioxide,O3S,7446-11-9,180.99,-12060.0,-22.839,7.24e-17,6.0,289.95,20900.0,490.85,8192000.0
317,Terephthalic acid,C8H6O4,100-21-0,124.004,-17894.4,-13.156,1.18e-18,6.0,700.15,242000.0,883.6,3487000.0
318,o-Terphenyl,C18H14,84-15-1,110.52,-14045.0,-11.861,2.21e-18,6.0,329.35,41.4,857.0,2974000.0
319,Tetradecane,C14H30,629-59-4,140.47,-13231.0,-16.859,6.5877e-06,2.0,279.01,25.3,693.0,1569000.0
320,Tetrahydrofuran,C4H8O,109-99-9,54.898,-5305.4,-4.7627,1.43e-17,6.0,164.65,19.6,540.15,5203000.0
321,"1,2,3,4-Tetrahydronaphthalene",C10H12,119-64-2,137.23,-10620.0,-17.908,0.014506,1.0,237.38,13.3,720.0,3624000.0
322,Tetrahydrothiophene,C4H8S,110-01-0,75.881,-6910.6,-7.9499,4.4315e-06,2.0,176.99,154.0,631.95,5117000.0
323,"2,2,3,3-Tetramethylbutane",C8H18,594-82-1,57.963,-5901.5,-5.2048,9.13e-18,6.0,373.96,86900.0,568.0,2871000.0
324,Thiophene,C4H4S,110-02-1,93.193,-7001.5,-10.738,8.2308e-06,2.0,234.94,186.0,579.35,5702000.0
325,Toluene,C7H8,108-88-3,76.945,-6729.8,-8.179,5.3017e-06,2.0,178.18,475.0,591.75,4080000.0
326,"1,1,2-Trichloroethane",C2H3Cl3,79-00-5,54.153,-6041.8,-4.5383,4.98e-18,6.0,236.5,44.7,602.0,4447000.0
327,Tridecane,C13H28,629-50-5,137.45,-12549.0,-16.543,7.1275e-06,2.0,267.76,25.1,675.0,1679000.0
328,Triethyl amine,C6H15N,121-44-8,56.55,-5681.9,-4.9815,1.24e-17,6.0,158.45,106.0,535.15,3037000.0
329,Trimethyl amine,C3H9N,75-50-3,134.68,-6055.8,-19.415,0.028619,1.0,156.08,9.92,433.25,4102000.0
330,"1,2,3-Trimethylbenzene",C9H12,526-73-8,78.341,-8019.8,-8.1458,3.8971e-06,2.0,247.79,3.71,664.5,3447000.0
331,"1,2,4-Trimethylbenzene",C9H12,95-63-6,85.301,-8215.9,-9.2166,4.7979e-06,2.0,229.33,69.3,649.1,3211000.0
332,"2,2,4-Trimethylpentane",C8H18,540-84-1,84.912,-6722.2,-9.5157,7.2244e-06,2.0,165.78,171.0,543.8,2550000.0
333,"2,3,3-Trimethylpentane",C8H18,560-21-4,83.105,-6903.7,-9.1858,6.4703e-06,2.0,172.22,168.0,573.5,2812000.0
334,"1,3,5-Trinitrobenzene",C6H3N3O6,99-35-4,506.33,-37483.0,-69.22,2.7381e-05,2.0,398.4,8.5,846.0,3410000.0
335,"2,4,6-Trinitrotoluene",C7H5N3O6,118-96-7,302.0,-24324.0,-40.13,1.7403e-05,2.0,354.0,93.6,828.0,3019000.0
336,Undecane,C11H24,1120-21-4,131.0,-11143.0,-15.855,8.1871e-06,2.0,247.57,40.8,639.0,1949000.0
337,1-Undecanol,C11H24O,112-42-5,182.57122,-17112.47062,-22.1251,1.13e-17,6.0,288.45,12.5,703.9,2119000.0
338,Vinyl acetate,C4H6O2,108-05-4,57.406,-5702.8,-5.0307,1.1e-17,6.0,180.35,70.6,519.13,3930000.0
339,Vinyl acetylene,C4H4,689-97-4,55.682,-4439.3,-5.0136,1.97e-17,6.0,173.15,66.9,454.0,4887000.0
340,Vinyl chloride,C2H3Cl,75-01-4,91.432,-5141.7,-10.981,1.4318e-05,2.0,119.36,192.0,432.0,5749000.0
341,Vinyl trichlorosilane,C2H3Cl3Si,75-94-5,54.571,-5561.5,-4.712,1.07e-17,6.0,178.35,35.4,543.15,3058000.0
342,Water,H2O,7732-18-5,73.649,-7258.2,-7.3037,4.1653e-06,2.0,273.16,611.0,647.1,21930000.0
343,m-Xylene,C8H10,108-38-3,85.099,-7615.9,-9.3072,5.5643e-06,2.0,225.3,3.18,617.0,3528000.0
344,o-Xylene,C8H10,95-47-6,90.405,-7955.2,-10.086,5.9594e-06,2.0,247.98,21.8,630.3,3741000.0
345,p-Xylene,C8H10,106-42-3,88.72,-7741.2,-9.8693,6.077e-06,2.0,286.41,576.0,616.2,3501000.0
